id,energy,energy_categorical,dance,dance_categorical,liveness,liveness_categorical,valence,valence_categorical,tempo,tempo_categorical,instrumental,instrumental_categorical,acoustic,acoustic_categorical,popularity,popularity_categorical,genres,enjoy_life,resilience,balanced,emotional_flexibility,self_actualization,health,health_categorical,gender,age_range,hours_of_music,hours_of_music_categorical,traumatic_experience
1,0.642333333,Low-Energy,0.726,High-Dance,0.1062,Low-Liveness,0.52,High-Valence,98.85266667,Medium-Slow-Tempo,0.0000235,Low-Instrumental,0.293533333,High-Acoustic,82.66666667,High-Popularity,"['dance pop', 'pop', 'pop christmas']",4,3,5,3,6,21,High-Health,Male,18 - 30,1-2 hours,Medium-Hours,No
2,0.568666667,Low-Energy,0.597,Low-Dance,0.114,Low-Liveness,0.131766667,Low-Valence,121.6806667,Medium-Fast-Tempo,0.002693,Low-Instrumental,0.137866667,Low-Acoustic,66,Medium-Popularity,"['dance pop', 'pop', 'post-teen pop']",6,6,3,5,5,25,High-Health,Male,18 - 30,1-2 hours,Medium-Hours,No
3,0.697666667,High-Energy,0.660333333,High-Dance,0.135033333,Low-Liveness,0.542333333,High-Valence,140.6766667,Fast-Tempo,3.46E-05,Low-Instrumental,0.061166667,Low-Acoustic,70,Medium-Popularity,"['dance pop', 'pop', 'pop christmas', 'r&b', 'soul christmas', 'urban contemporary']",5,5,4,4,5,23,High-Health,Female,18 - 30,0 - 1 hours,Low-Hours,No
4,0.698333333,High-Energy,0.718,High-Dance,0.109866667,Low-Liveness,0.605333333,High-Valence,113.6566667,Medium-Fast-Tempo,0.000014,Low-Instrumental,0.161866667,Low-Acoustic,53,Medium-Popularity,"['dance pop', 'k-hop', 'k-indie', 'k-pop', 'korean pop']",3,6,5,5,5,24,High-Health,Male,18 - 30,2+ hours,High-Hours,No
5,0.671333333,High-Energy,0.452,Low-Dance,0.174533333,Low-Liveness,0.267666667,Low-Valence,131.011,Fast-Tempo,0.309566667,High-Instrumental,0.400026667,High-Acoustic,27,Low-Popularity,[],2,5,2,1,5,15,Low-Health,Female,18 - 30,0 - 1 hours,Low-Hours,Yes
6,0.740666667,High-Energy,0.511666667,Low-Dance,0.1145,Low-Liveness,0.408,Low-Valence,149.958,Fast-Tempo,0.00003223,Low-Instrumental,0.090369667,Low-Acoustic,44.33333333,Low-Popularity,"['ccm', 'christian alternative rock', 'christian christmas', 'christian music', 'christian punk', 'christian rock', 'emo', 'neo mellow', 'pop christmas', 'pop punk', 'pop rock', 'punk christmas', 'worship']",3,4,4,5,6,22,High-Health,Male,18 - 30,0 - 1 hours,Low-Hours,No
8,0.400666667,Low-Energy,0.613,High-Dance,0.265,High-Liveness,0.425666667,Low-Valence,103.7043333,Medium-Slow-Tempo,0,Low-Instrumental,0.804666667,High-Acoustic,71.33333333,Medium-Popularity,"['dance pop', 'indie r&b', 'neo soul', 'pop', 'pop rap', 'r&b', 'rap']",4,4,4,4,5,21,High-Health,Female,18 - 30,1-2 hours,Medium-Hours,No
9,0.545,Low-Energy,0.734333333,High-Dance,0.1766,Low-Liveness,0.365,Low-Valence,111.3616667,Medium-Fast-Tempo,0.037035,Low-Instrumental,0.219596667,Low-Acoustic,57,Medium-Popularity,"['deep underground hip hop', 'underground hip hop']",3,2,4,3,1,13,Low-Health,Male,18 - 30,2+ hours,High-Hours,No
13,0.784666667,High-Energy,0.501333333,Low-Dance,0.155833333,Low-Liveness,0.238,Low-Valence,131.535,Fast-Tempo,0.2556797,High-Instrumental,0.062268977,Low-Acoustic,45.66666667,Low-Popularity,['soundtrack'],2,3,2,4,4,15,Low-Health,Male,18 - 30,0 - 1 hours,Low-Hours,No
14,0.732,High-Energy,0.651333333,High-Dance,0.261333333,High-Liveness,0.294,Low-Valence,110.0656667,Medium-Slow-Tempo,0.000822907,Low-Instrumental,0.03694,Low-Acoustic,78,High-Popularity,"['canadian pop', 'hip hop', 'pop rap', 'rap']",4,4,5,4,5,22,High-Health,Female,18 - 30,1-2 hours,Medium-Hours,No
17,0.698333333,High-Energy,0.747333333,High-Dance,0.166266667,Low-Liveness,0.646333333,High-Valence,125.3746667,Medium-Fast-Tempo,0.013,Low-Instrumental,0.03898,Low-Acoustic,49.66666667,Low-Popularity,"['deep disco house', 'deep groove house', 'disco house', 'house', 'microhouse', 'nu disco', 'tropical house']",0,2,5,2,5,14,Low-Health,Female,18 - 30,2+ hours,High-Hours,No
19,0.545666667,Low-Energy,0.608666667,High-Dance,0.370333333,High-Liveness,0.406666667,Low-Valence,97.81133333,Medium-Slow-Tempo,0.00000069,Low-Instrumental,0.368766667,High-Acoustic,82,High-Popularity,"['pop', 'pop christmas', 'pop rap', 'rap']",2,5,3,5,6,21,High-Health,Male,18 - 30,0 - 1 hours,Low-Hours,No
21,0.601,Low-Energy,0.491,Low-Dance,0.269666667,High-Liveness,0.3833,Low-Valence,104.3816667,Medium-Slow-Tempo,0.5651,High-Instrumental,0.376433333,High-Acoustic,38.66666667,Low-Popularity,"['progressive house', 'tropical house']",4,5,4,6,6,25,High-Health,Male,18 - 30,2+ hours,High-Hours,No
22,0.678666667,High-Energy,0.534666667,Low-Dance,0.233,High-Liveness,0.247666667,Low-Valence,107.0873333,Medium-Slow-Tempo,0.002470487,Low-Instrumental,0.01181,Low-Acoustic,70.33333333,Medium-Popularity,"['crunk', 'dance pop', 'dirty south rap', 'dwn trap', 'gangster rap', 'hip hop', 'pop rap', 'r&b', 'rap', 'southern hip hop', 'trap music']",3,4,1,4,4,16,Medium-Health,Male,18 - 30,2+ hours,High-Hours,No
23,0.519333333,Low-Energy,0.824,High-Dance,0.108666667,Low-Liveness,0.556333333,High-Valence,113.163,Medium-Fast-Tempo,0.0080707,Low-Instrumental,0.224,High-Acoustic,67.66666667,Medium-Popularity,['underground hip hop'],4,4,2,5,5,20,Medium-Health,Female,18 - 30,1-2 hours,Medium-Hours,Yes
24,0.66,High-Energy,0.553333333,Low-Dance,0.110233333,Low-Liveness,0.398,Low-Valence,141.5293333,Fast-Tempo,0.000161567,Low-Instrumental,0.0404,Low-Acoustic,74.66666667,Medium-Popularity,"['contemporary country', 'country', 'dance pop', 'neo mellow', 'pop', 'pop christmas', 'post-teen pop', 'viral pop']",4,4,2,3,6,19,Medium-Health,Female,18 - 30,0 - 1 hours,Low-Hours,Yes
25,0.923,High-Energy,0.417333333,Low-Dance,0.1006,Low-Liveness,0.301,Low-Valence,152.742,Fast-Tempo,0.00044264,Low-Instrumental,0.002145667,Low-Acoustic,55.66666667,Medium-Popularity,"['alternative metal', 'dreamo', 'emo', 'metalcore', 'pop punk', 'post-hardcore', 'screamo']",4,3,3,2,2,14,Low-Health,Female,18 - 30,2+ hours,High-Hours,Yes
26,0.692666667,High-Energy,0.629666667,High-Dance,0.120833333,Low-Liveness,0.373,Low-Valence,101.2046667,Medium-Slow-Tempo,6.73E-07,Low-Instrumental,0.214,Low-Acoustic,59.33333333,Medium-Popularity,"['dwn trap', 'pop rap', 'rap', 'trap music']",5,4,4,4,6,23,High-Health,Male,18 - 30,2+ hours,High-Hours,No
27,0.739,High-Energy,0.735,High-Dance,0.230333333,High-Liveness,0.494333333,High-Valence,101.293,Medium-Slow-Tempo,0.00082,Low-Instrumental,0.032673333,Low-Acoustic,89.33333333,High-Popularity,"['canadian pop', 'hip hop', 'pop rap', 'rap']",4,5,5,6,3,23,High-Health,Male,18 - 30,0 - 1 hours,Low-Hours,No
28,0.67,High-Energy,0.803,High-Dance,0.109733333,Low-Liveness,0.460666667,High-Valence,112.7033333,Medium-Fast-Tempo,0,Low-Instrumental,0.099266667,Low-Acoustic,75.66666667,High-Popularity,"['canadian pop', 'hip hop', 'pop rap', 'rap']",5,3,4,3,6,21,High-Health,Female,18 - 30,2+ hours,High-Hours,Yes
30,0.606,Low-Energy,0.503333333,Low-Dance,0.144,Low-Liveness,0.530666667,High-Valence,147.6043333,Fast-Tempo,0,Low-Instrumental,0.364333333,High-Acoustic,60.66666667,Medium-Popularity,[],5,3,1,4,4,17,Medium-Health,Male,18 - 30,1-2 hours,Medium-Hours,Yes
31,0.540333333,Low-Energy,0.617333333,High-Dance,0.159333333,Low-Liveness,0.618666667,High-Valence,142.2626667,Fast-Tempo,1.60E-05,Low-Instrumental,0.283633333,High-Acoustic,51.66666667,Low-Popularity,"['memphis soul', 'soul', 'southern soul']",2,5,5,6,5,23,High-Health,Male,18 - 30,2+ hours,High-Hours,No
32,0.811666667,High-Energy,0.843333333,High-Dance,0.2471,High-Liveness,0.744,High-Valence,110.852,Medium-Slow-Tempo,9.44E-06,Low-Instrumental,0.102466667,Low-Acoustic,59,Medium-Popularity,"['canadian pop', 'hip hop', 'pop rap', 'rap']",5,4,5,5,6,25,High-Health,Male,17 & Under,1-2 hours,Medium-Hours,No
33,0.662333333,High-Energy,0.626666667,High-Dance,0.135666667,Low-Liveness,0.371333333,Low-Valence,149.9703333,Fast-Tempo,0.071670747,High-Instrumental,0.178633333,Low-Acoustic,67.66666667,Medium-Popularity,"['canadian pop', 'pop', 'rap']",3,3,3,4,4,17,Medium-Health,Female,18 - 30,0 - 1 hours,Low-Hours,Yes
35,0.667333333,High-Energy,0.498666667,Low-Dance,0.375,High-Liveness,0.543333333,High-Valence,83.424,Slow-Tempo,0.000983333,Low-Instrumental,0.331133333,High-Acoustic,58,Medium-Popularity,"['pop', 'pop christmas', 'pop rap', 'rap']",4,6,2,5,5,22,High-Health,Male,18 - 30,0 - 1 hours,Low-Hours,No
36,0.967666667,High-Energy,0.383333333,Low-Dance,0.368666667,High-Liveness,0.543666667,High-Valence,160.303,Fast-Tempo,0.299733853,High-Instrumental,0.005795333,Low-Acoustic,63.33333333,Medium-Popularity,"['indie rock', 'neo mellow', 'rock']",3,5,2,5,4,19,Medium-Health,Male,18 - 30,2+ hours,High-Hours,No
37,0.848,High-Energy,0.617,High-Dance,0.072066667,Low-Liveness,0.444666667,Low-Valence,118.0196667,Medium-Fast-Tempo,0.0194,Low-Instrumental,0.01518,Low-Acoustic,69,Medium-Popularity,"['electronic trap', 'pop']",5,5,2,5,4,21,High-Health,Male,18 - 30,2+ hours,High-Hours,No
38,0.525,Low-Energy,0.624,High-Dance,0.118833333,Low-Liveness,0.319333333,Low-Valence,139.6536667,Fast-Tempo,6.56E-06,Low-Instrumental,0.133,Low-Acoustic,75.33333333,High-Popularity,"['canadian pop', 'pop', 'rap']",5,4,6,5,2,22,High-Health,Male,18 - 30,2+ hours,High-Hours,No
40,0.63,Low-Energy,0.510666667,Low-Dance,0.202666667,High-Liveness,0.468333333,High-Valence,121.9393333,Medium-Fast-Tempo,3.37E-05,Low-Instrumental,0.390793333,High-Acoustic,68.66666667,Medium-Popularity,"['dance pop', 'pop']",4,2,2,1,1,10,Low-Health,Male,18 - 30,1-2 hours,Medium-Hours,No
42,0.310666667,Low-Energy,0.468333333,Low-Dance,0.109833333,Low-Liveness,0.208666667,Low-Valence,121.123,Medium-Fast-Tempo,0.302364,High-Instrumental,0.588666667,High-Acoustic,41.66666667,Low-Popularity,[],4,5,5,5,5,24,High-Health,Male,30+,1-2 hours,Medium-Hours,No
43,0.668333333,High-Energy,0.647333333,High-Dance,0.136866667,Low-Liveness,0.360333333,Low-Valence,113.3453333,Medium-Fast-Tempo,0.1386948,High-Instrumental,0.144196667,Low-Acoustic,86.33333333,High-Popularity,[],0,3,0,0,3,6,Low-Health,Male,18 - 30,2+ hours,High-Hours,No
44,0.567666667,Low-Energy,0.699666667,High-Dance,0.118866667,Low-Liveness,0.477333333,High-Valence,122.329,Medium-Fast-Tempo,0.082666667,High-Instrumental,0.1594,Low-Acoustic,86,High-Popularity,"['british invasion', 'classic rock', 'merseybeat', 'protopunk', 'psychedelic rock', 'rock']",3,5,4,5,3,20,Medium-Health,Female,18 - 30,1-2 hours,Medium-Hours,No
45,0.633666667,Low-Energy,0.682666667,High-Dance,0.182333333,Low-Liveness,0.457,High-Valence,97.88766667,Medium-Slow-Tempo,0,Low-Instrumental,0.173833333,Low-Acoustic,86.66666667,High-Popularity,"['canadian pop', 'hip hop', 'pop rap', 'rap']",0,2,2,0,5,9,Low-Health,Female,18 - 30,1-2 hours,Medium-Hours,Yes
46,0.659333333,High-Energy,0.696333333,High-Dance,0.180333333,Low-Liveness,0.514333333,High-Valence,102.6793333,Medium-Slow-Tempo,1.37E-05,Low-Instrumental,0.303,High-Acoustic,65,Medium-Popularity,['swedish idol pop'],3,2,2,1,3,11,Low-Health,Female,18 - 30,0 - 1 hours,Low-Hours,No
47,0.672,High-Energy,0.711666667,High-Dance,0.120033333,Low-Liveness,0.479666667,High-Valence,147.3313333,Fast-Tempo,4.09E-06,Low-Instrumental,0.10012,Low-Acoustic,81.66666667,High-Popularity,"['canadian pop', 'pop', 'rap']",1,3,3,0,5,12,Low-Health,Female,18 - 30,2+ hours,High-Hours,No
48,0.741,High-Energy,0.658,High-Dance,0.157233333,Low-Liveness,0.604,High-Valence,107.3293333,Medium-Slow-Tempo,1.65E-05,Low-Instrumental,0.196566667,Low-Acoustic,63.33333333,Medium-Popularity,"['dance pop', 'europop', 'hip pop', 'house', 'pop', 'pop rap', 'post-teen pop', 'r&b', 'tropical house', 'uk garage', 'urban contemporary']",4,4,5,4,4,21,High-Health,Female,18 - 30,1-2 hours,Medium-Hours,No
50,0.614666667,Low-Energy,0.586,Low-Dance,0.141333333,Low-Liveness,0.308666667,Low-Valence,163.0533333,Fast-Tempo,0.000107337,Low-Instrumental,0.292,High-Acoustic,65.66666667,Medium-Popularity,"['canadian pop', 'pop', 'rap']",3,5,5,5,5,23,High-Health,Male,18 - 30,2+ hours,High-Hours,No
51,0.589333333,Low-Energy,0.565666667,Low-Dance,0.092933333,Low-Liveness,0.666333333,High-Valence,101.2063333,Medium-Slow-Tempo,1.25E-05,Low-Instrumental,0.262066667,High-Acoustic,38.33333333,Low-Popularity,"['canadian indie', 'stomp and holler', 'vancouver indie']",4,6,2,4,6,22,High-Health,Female,18 - 30,1-2 hours,Medium-Hours,Yes
53,0.796666667,High-Energy,0.607333333,High-Dance,0.192,High-Liveness,0.564333333,High-Valence,102.7846667,Medium-Slow-Tempo,0.000212233,Low-Instrumental,0.039033333,Low-Acoustic,58.66666667,Medium-Popularity,"['bass trap', 'brostep', 'catstep', 'chillstep', 'complextro', 'edm', 'electro house', 'tracestep']",5,6,5,3,4,23,High-Health,Male,18 - 30,1-2 hours,Medium-Hours,No
54,0.733666667,High-Energy,0.628666667,High-Dance,0.164333333,Low-Liveness,0.389,Low-Valence,139.7016667,Fast-Tempo,0.00000223,Low-Instrumental,0.15905,Low-Acoustic,74.33333333,Medium-Popularity,"['canadian pop', 'pop', 'rap']",4,4,5,3,4,20,Medium-Health,Female,18 - 30,2+ hours,High-Hours,Yes
55,0.428666667,Low-Energy,0.635333333,High-Dance,0.124566667,Low-Liveness,0.181666667,Low-Valence,106.9383333,Medium-Slow-Tempo,8.37E-05,Low-Instrumental,0.071133333,Low-Acoustic,64.33333333,Medium-Popularity,"['deep pop r&b', 'dwn trap', 'indie r&b', 'pop rap', 'r&b', 'rap', 'southern hip hop', 'trap music', 'underground hip hop']",4,3,2,2,2,13,Low-Health,Male,18 - 30,1-2 hours,Medium-Hours,Yes
57,0.837666667,High-Energy,0.485666667,Low-Dance,0.157733333,Low-Liveness,0.391133333,Low-Valence,149.6896667,Fast-Tempo,0.295106333,High-Instrumental,0.101100707,Low-Acoustic,61.33333333,Medium-Popularity,"['dance pop', 'pop', 'pop christmas', 'post-teen pop']",3,6,1,3,6,19,Medium-Health,Female,18 - 30,1-2 hours,Medium-Hours,No
58,0.543333333,Low-Energy,0.706666667,High-Dance,0.221333333,High-Liveness,0.550333333,High-Valence,122.9463333,Medium-Fast-Tempo,0.000153333,Low-Instrumental,0.23,High-Acoustic,52,Medium-Popularity,"['adult standards', 'christmas', 'classic funk rock', 'disco', 'funk', 'jazz blues', 'memphis soul', 'motown', 'soul', 'soul christmas', 'southern soul', 'vocal jazz']",2,4,2,3,3,14,Low-Health,Male,18 - 30,2+ hours,High-Hours,No
59,0.470666667,Low-Energy,0.478,Low-Dance,0.195333333,High-Liveness,0.462,High-Valence,120.997,Medium-Fast-Tempo,0.00035428,Low-Instrumental,0.606333333,High-Acoustic,60.33333333,Medium-Popularity,"['folk-pop', 'neo mellow', 'pop', 'post-teen pop', 'viral pop']",1,4,1,2,5,13,Low-Health,Female,18 - 30,0 - 1 hours,Low-Hours,Yes
60,0.774333333,High-Energy,0.662333333,High-Dance,0.268333333,High-Liveness,0.678666667,High-Valence,123.3706667,Medium-Fast-Tempo,0,Low-Instrumental,0.272433333,High-Acoustic,71.33333333,Medium-Popularity,"['dance pop', 'dwn trap', 'pop', 'pop christmas', 'pop rap', 'r&b', 'rap', 'soul christmas']",4,5,4,4,6,23,High-Health,Female,18 - 30,2+ hours,High-Hours,Yes
61,0.653666667,Low-Energy,0.684333333,High-Dance,0.066333333,Low-Liveness,0.557666667,High-Valence,148.359,Fast-Tempo,0.079491827,High-Instrumental,0.069366667,Low-Acoustic,71.33333333,Medium-Popularity,"['deep tropical house', 'edm', 'house', 'pop', 'tropical house']",1,5,6,1,6,19,Medium-Health,Female,18 - 30,1-2 hours,Medium-Hours,No
63,0.711333333,High-Energy,0.603333333,High-Dance,0.312,High-Liveness,0.552333333,High-Valence,118.2313333,Medium-Fast-Tempo,0,Low-Instrumental,0.121966667,Low-Acoustic,74.33333333,Medium-Popularity,"['canadian pop', 'hip hop', 'pop rap', 'rap']",2,3,2,3,3,13,Low-Health,Female,18 - 30,0 - 1 hours,Low-Hours,Yes
64,0.581,Low-Energy,0.735666667,High-Dance,0.1142,Low-Liveness,0.514666667,High-Valence,127.035,Medium-Fast-Tempo,0.00000183,Low-Instrumental,0.313,High-Acoustic,92.66666667,High-Popularity,[],3,5,3,5,4,20,Medium-Health,Female,18 - 30,1-2 hours,Medium-Hours,Yes
65,0.958333333,High-Energy,0.531666667,Low-Dance,0.304,High-Liveness,0.407666667,Low-Valence,123.6996667,Medium-Fast-Tempo,0.00014232,Low-Instrumental,0.000366667,Low-Acoustic,47,Low-Popularity,"['metalcore', 'pixie', 'pop punk', 'post-post-hardcore', 'post-screamo', 'punk christmas', 'screamo']",2,4,5,4,6,21,High-Health,Female,18 - 30,1-2 hours,Medium-Hours,No
66,0.577333333,Low-Energy,0.754333333,High-Dance,0.1125,Low-Liveness,0.659,High-Valence,139.958,Fast-Tempo,0,Low-Instrumental,0.322333333,High-Acoustic,74.33333333,Medium-Popularity,"['canadian pop', 'hip hop', 'pop rap', 'rap']",1,2,3,2,5,13,Low-Health,Female,18 - 30,0 - 1 hours,Low-Hours,Yes
67,0.683,High-Energy,0.668,High-Dance,0.144533333,Low-Liveness,0.583333333,High-Valence,111.8953333,Medium-Fast-Tempo,0.000131433,Low-Instrumental,0.226266667,High-Acoustic,58.33333333,Medium-Popularity,"['canadian hip hop', 'deep underground hip hop']",4,4,2,3,4,17,Medium-Health,Female,18 - 30,2+ hours,High-Hours,Yes
68,0.791,High-Energy,0.661,High-Dance,0.244366667,High-Liveness,0.810333333,High-Valence,167.012,Fast-Tempo,6.13E-07,Low-Instrumental,0.366,High-Acoustic,64.33333333,Medium-Popularity,"['bachata', 'latin', 'latin hip hop', 'latin pop', 'merengue urbano', 'reggaeton', 'tropical']",4,4,3,5,6,22,High-Health,Female,18 - 30,2+ hours,High-Hours,Yes
71,0.696333333,High-Energy,0.647666667,High-Dance,0.196,High-Liveness,0.479666667,High-Valence,134.8173333,Fast-Tempo,0,Low-Instrumental,0.104296667,Low-Acoustic,56.66666667,Medium-Popularity,"['dance pop', 'pop', 'post-teen pop', 'teen pop', 'viral pop']",5,4,5,3,5,22,High-Health,Female,18 - 30,2+ hours,High-Hours,Yes
72,0.593333333,Low-Energy,0.622666667,High-Dance,0.145333333,Low-Liveness,0.274666667,Low-Valence,105.7413333,Medium-Slow-Tempo,0.000906667,Low-Instrumental,0.081433333,Low-Acoustic,85,High-Popularity,"['crunk', 'dance pop', 'dirty south rap', 'dwn trap', 'gangster rap', 'hip hop', 'pop rap', 'r&b', 'rap', 'southern hip hop', 'trap music']",2,6,4,5,5,22,High-Health,Female,18 - 30,2+ hours,High-Hours,Yes
74,0.464333333,Low-Energy,0.711333333,High-Dance,0.110433333,Low-Liveness,0.515,High-Valence,117.9706667,Medium-Fast-Tempo,0,Low-Instrumental,0.385,High-Acoustic,79.33333333,High-Popularity,"['dwn trap', 'hip hop', 'pop rap', 'rap', 'trap music']",3,2,2,1,6,14,Low-Health,Female,18 - 30,2+ hours,High-Hours,No
75,0.639,Low-Energy,0.697666667,High-Dance,0.159866667,Low-Liveness,0.387,Low-Valence,98.353,Medium-Slow-Tempo,0.011366667,Low-Instrumental,0.326306667,High-Acoustic,69,Medium-Popularity,"['dance pop', 'pop', 'post-teen pop', 'viral pop']",3,4,4,4,5,20,Medium-Health,Female,18 - 30,1-2 hours,Medium-Hours,Yes
77,0.705,High-Energy,0.768333333,High-Dance,0.112833333,Low-Liveness,0.482,High-Valence,107.793,Medium-Slow-Tempo,1.70E-05,Low-Instrumental,0.140033333,Low-Acoustic,70,Medium-Popularity,"['dance pop', 'pop', 'pop christmas']",3,4,3,3,5,18,Medium-Health,Male,18 - 30,2+ hours,High-Hours,No
78,0.675333333,High-Energy,0.539333333,Low-Dance,0.083666667,Low-Liveness,0.422666667,Low-Valence,129.0603333,Medium-Fast-Tempo,0.0740221,High-Instrumental,0.427666667,High-Acoustic,70.66666667,Medium-Popularity,"['edm', 'minimal dub', 'pop', 'tropical house']",3,5,4,5,4,21,High-Health,Male,18 - 30,2+ hours,High-Hours,Yes
80,0.596333333,Low-Energy,0.657333333,High-Dance,0.273666667,High-Liveness,0.37,Low-Valence,133.7006667,Fast-Tempo,0.001532247,Low-Instrumental,0.120266667,Low-Acoustic,73,Medium-Popularity,"['pop', 'pop christmas', 'pop rap', 'rap']",4,5,1,5,4,19,Medium-Health,Male,18 - 30,1-2 hours,Medium-Hours,No
81,0.558666667,Low-Energy,0.623333333,High-Dance,0.309666667,High-Liveness,0.299666667,Low-Valence,105.383,Medium-Slow-Tempo,0.00000063,Low-Instrumental,0.152,Low-Acoustic,74.33333333,Medium-Popularity,"['dance pop', 'deep pop r&b', 'dwn trap', 'indie r&b', 'pop', 'post-teen pop', 'r&b', 'rap', 'urban contemporary']",2,4,3,5,4,18,Medium-Health,Male,18 - 30,2+ hours,High-Hours,No
82,0.473666667,Low-Energy,0.504333333,Low-Dance,0.127,Low-Liveness,0.203833333,Low-Valence,105.088,Medium-Slow-Tempo,0.31394,High-Instrumental,0.337866667,High-Acoustic,60,Medium-Popularity,[],3,5,5,5,3,21,High-Health,Female,18 - 30,2+ hours,High-Hours,No
83,0.628666667,Low-Energy,0.742,High-Dance,0.116166667,Low-Liveness,0.569,High-Valence,153.3736667,Fast-Tempo,2.74E-06,Low-Instrumental,0.327,High-Acoustic,83.66666667,High-Popularity,"['canadian pop', 'pop', 'rap']",3,5,5,5,3,21,High-Health,Female,18 - 30,2+ hours,High-Hours,No
84,0.841666667,High-Energy,0.529333333,Low-Dance,0.161666667,Low-Liveness,0.521333333,High-Valence,127.3206667,Medium-Fast-Tempo,0.275666667,High-Instrumental,0.046618333,Low-Acoustic,55.33333333,Medium-Popularity,"['big room', 'brostep', 'catstep', 'chillstep', 'complextro', 'edm', 'electro house', 'electronic trap', 'moombahton', 'progressive electro house', 'progressive house', 'tracestep', 'tropical house']",5,4,4,4,6,23,High-Health,Male,18 - 30,2+ hours,High-Hours,No
85,0.599666667,Low-Energy,0.766,High-Dance,0.186666667,High-Liveness,0.478666667,High-Valence,142.0363333,Fast-Tempo,5.09E-05,Low-Instrumental,0.06336,Low-Acoustic,76,High-Popularity,"['dwn trap', 'pop rap', 'rap', 'trap music']",3,5,5,5,4,22,High-Health,Male,18 - 30,2+ hours,High-Hours,Yes
86,0.527333333,Low-Energy,0.766333333,High-Dance,0.1062,Low-Liveness,0.475,High-Valence,132.3023333,Fast-Tempo,6.63E-06,Low-Instrumental,0.256715333,High-Acoustic,85,High-Popularity,"['canadian pop', 'hip hop', 'pop rap', 'rap']",6,3,5,3,5,22,High-Health,Female,18 - 30,2+ hours,High-Hours,Yes
88,0.545,Low-Energy,0.734333333,High-Dance,0.1766,Low-Liveness,0.365,Low-Valence,111.3616667,Medium-Fast-Tempo,0.037035,Low-Instrumental,0.219596667,Low-Acoustic,57,Medium-Popularity,"['deep underground hip hop', 'underground hip hop']",3,2,4,3,1,13,Low-Health,Male,18 - 30,2+ hours,High-Hours,No
89,0.672666667,High-Energy,0.528333333,Low-Dance,0.099133333,Low-Liveness,0.338666667,Low-Valence,112.6673333,Medium-Fast-Tempo,1.77E-06,Low-Instrumental,0.076433333,Low-Acoustic,62.33333333,Medium-Popularity,"['aussietronica', 'australian alternative rock', 'australian dance', 'downtempo', 'tropical house']",2,3,4,2,5,16,Medium-Health,Male,18 - 30,1-2 hours,Medium-Hours,Yes
91,0.698333333,High-Energy,0.601333333,High-Dance,0.244,High-Liveness,0.341666667,Low-Valence,107.6303333,Medium-Slow-Tempo,4.79E-05,Low-Instrumental,0.0774,Low-Acoustic,71,Medium-Popularity,"['edm', 'minimal dub', 'pop', 'tropical house']",3,2,3,1,3,12,Low-Health,Female,18 - 30,1-2 hours,Medium-Hours,Yes
93,0.752666667,High-Energy,0.661333333,High-Dance,0.329,High-Liveness,0.4028,Low-Valence,125.648,Medium-Fast-Tempo,0.000446667,Low-Instrumental,0.0479,Low-Acoustic,65.66666667,Medium-Popularity,"['bass trap', 'big room', 'brostep', 'catstep', 'deep big room', 'deep pop edm', 'deep tropical house', 'edm', 'electro house', 'house', 'progressive electro house', 'progressive house', 'tracestep', 'tropical house']",2,5,3,6,5,21,High-Health,Male,30+,1-2 hours,Medium-Hours,No
94,0.732,High-Energy,0.799333333,High-Dance,0.100833333,Low-Liveness,0.755666667,High-Valence,128.6616667,Medium-Fast-Tempo,0.000428,Low-Instrumental,0.304433333,High-Acoustic,57.33333333,Medium-Popularity,"['neo mellow', 'pop', 'pop rock', 'post-teen pop', 'viral pop']",3,3,5,4,5,20,Medium-Health,Female,18 - 30,2+ hours,High-Hours,No
96,0.511333333,Low-Energy,0.632,High-Dance,0.135,Low-Liveness,0.385666667,Low-Valence,108.2976667,Medium-Slow-Tempo,0.000175333,Low-Instrumental,0.374133333,High-Acoustic,77.66666667,High-Popularity,"['folk-pop', 'neo mellow', 'pop', 'singer-songwriter', 'viral pop']",3,3,4,2,3,15,Low-Health,Female,18 - 30,0 - 1 hours,Low-Hours,No
98,0.604666667,Low-Energy,0.577666667,Low-Dance,0.330666667,High-Liveness,0.390666667,Low-Valence,110.1506667,Medium-Slow-Tempo,0.013868133,Low-Instrumental,0.160466667,Low-Acoustic,56,Medium-Popularity,"['edm', 'electro house', 'electronic trap', 'indie poptimism', 'tropical house', 'vapor twitch']",5,4,5,4,6,24,High-Health,Female,18 - 30,2+ hours,High-Hours,No
100,0.766666667,High-Energy,0.663333333,High-Dance,0.266,High-Liveness,0.418333333,Low-Valence,107.6446667,Medium-Slow-Tempo,0.00082,Low-Instrumental,0.02149,Low-Acoustic,81.33333333,High-Popularity,"['canadian pop', 'hip hop', 'pop rap', 'rap']",5,5,5,5,5,25,High-Health,Male,18 - 30,0 - 1 hours,Low-Hours,No
102,0.727333333,High-Energy,0.679666667,High-Dance,0.116666667,Low-Liveness,0.487666667,High-Valence,133.019,Fast-Tempo,0.000335753,Low-Instrumental,0.1008,Low-Acoustic,72.66666667,Medium-Popularity,"['canadian pop', 'pop', 'rap']",2,4,5,4,5,20,Medium-Health,Female,18 - 30,2+ hours,High-Hours,No
103,0.890666667,High-Energy,0.541,Low-Dance,0.399,High-Liveness,0.305333333,Low-Valence,141.6506667,Fast-Tempo,0.035428,Low-Instrumental,0.000396,Low-Acoustic,52.66666667,Medium-Popularity,"['dance pop', 'pop', 'pop christmas']",5,2,5,1,1,14,Low-Health,Female,18 - 30,2+ hours,High-Hours,No
105,0.837,High-Energy,0.547,Low-Dance,0.154533333,Low-Liveness,0.323333333,Low-Valence,114.4533333,Medium-Fast-Tempo,0.612683267,High-Instrumental,0.368066667,High-Acoustic,53,Medium-Popularity,"['alternative dance', 'downtempo', 'dream pop', 'indie r&b', 'indietronica', 'synthpop']",2,4,2,3,6,17,Medium-Health,Female,18 - 30,0 - 1 hours,Low-Hours,Yes
106,0.482,Low-Energy,0.663,High-Dance,0.114833333,Low-Liveness,0.464,High-Valence,138.72,Fast-Tempo,0.00000183,Low-Instrumental,0.491666667,High-Acoustic,88.66666667,High-Popularity,"['dance pop', 'pop']",5,6,6,4,5,26,High-Health,Male,18 - 30,1-2 hours,Medium-Hours,No
107,0.455666667,Low-Energy,0.477666667,Low-Dance,0.116333333,Low-Liveness,0.272,Low-Valence,141.6733333,Fast-Tempo,0,Low-Instrumental,0.436,High-Acoustic,69.33333333,Medium-Popularity,"['dance pop', 'neo mellow', 'pop', 'post-teen pop']",2,3,3,2,4,14,Low-Health,Female,18 - 30,1-2 hours,Medium-Hours,No
108,0.773333333,High-Energy,0.334666667,Low-Dance,0.122033333,Low-Liveness,0.266333333,Low-Valence,166.634,Fast-Tempo,0.010992667,Low-Instrumental,0.003586,Low-Acoustic,33,Low-Popularity,"['finnish metal', 'gothic metal', 'gothic symphonic metal', 'power metal', 'symphonic metal']",3,2,3,2,4,14,Low-Health,Male,18 - 30,2+ hours,High-Hours,No
109,0.941,High-Energy,0.504,Low-Dance,0.349,High-Liveness,0.343,Low-Valence,146.6846667,Fast-Tempo,0.065443333,High-Instrumental,0.000205067,Low-Acoustic,37,Low-Popularity,[],4,2,2,2,3,13,Low-Health,Female,18 - 30,2+ hours,High-Hours,No
110,0.802,High-Energy,0.658666667,High-Dance,0.272266667,High-Liveness,0.786333333,High-Valence,131.899,Fast-Tempo,0,Low-Instrumental,0.019926667,Low-Acoustic,68.33333333,Medium-Popularity,[],3,4,4,3,2,16,Medium-Health,Female,18 - 30,2+ hours,High-Hours,No
111,0.444,Low-Energy,0.788,High-Dance,0.167433333,Low-Liveness,0.569,High-Valence,127.9883333,Medium-Fast-Tempo,0.0022173,Low-Instrumental,0.215066667,Low-Acoustic,65.66666667,Medium-Popularity,"['a cappella', 'pop christmas', 'viral pop']",4,5,6,4,4,23,High-Health,Female,18 - 30,0 - 1 hours,Low-Hours,No
116,0.714666667,High-Energy,0.689,High-Dance,0.207333333,High-Liveness,0.608666667,High-Valence,148.47,Fast-Tempo,0.00000183,Low-Instrumental,0.273766667,High-Acoustic,80.66666667,High-Popularity,"['canadian pop', 'pop', 'rap']",2,3,4,4,2,15,Low-Health,Female,18 - 30,1-2 hours,Medium-Hours,Yes
117,0.745333333,High-Energy,0.714,High-Dance,0.137666667,Low-Liveness,0.460333333,High-Valence,108.3186667,Medium-Slow-Tempo,0.000907937,Low-Instrumental,0.044546667,Low-Acoustic,78,High-Popularity,[],5,2,5,4,6,22,High-Health,Female,18 - 30,2+ hours,High-Hours,No
118,0.649,Low-Energy,0.741333333,High-Dance,0.197666667,High-Liveness,0.352,Low-Valence,105.456,Medium-Slow-Tempo,0,Low-Instrumental,0.0954,Low-Acoustic,82.66666667,High-Popularity,"['canadian pop', 'hip hop', 'pop rap', 'rap']",4,5,4,6,4,23,High-Health,Male,18 - 30,0 - 1 hours,Low-Hours,No
119,0.693333333,High-Energy,0.711,High-Dance,0.133666667,Low-Liveness,0.409666667,Low-Valence,132.0223333,Fast-Tempo,1.48E-05,Low-Instrumental,0.095,Low-Acoustic,92.66666667,High-Popularity,['tropical house'],6,4,4,4,2,20,Medium-Health,Male,18 - 30,0 - 1 hours,Low-Hours,No
120,0.915,High-Energy,0.355666667,Low-Dance,0.232433333,High-Liveness,0.217333333,Low-Valence,112.6066667,Medium-Fast-Tempo,0.492500333,High-Instrumental,0.000733833,Low-Acoustic,38,Low-Popularity,"['alternative metal', 'djent', 'melodic metalcore', 'metalcore', 'progressive metal', 'progressive post-hardcore', 'rap metal']",2,3,2,4,4,15,Low-Health,Male,18 - 30,2+ hours,High-Hours,Yes
121,0.719,High-Energy,0.595,Low-Dance,0.158666667,Low-Liveness,0.536666667,High-Valence,119.554,Medium-Fast-Tempo,0,Low-Instrumental,0.269333333,High-Acoustic,84.66666667,High-Popularity,"['dance pop', 'pop', 'post-teen pop', 'viral pop']",5,5,4,5,5,24,High-Health,Male,18 - 30,0 - 1 hours,Low-Hours,No
123,0.605,Low-Energy,0.632666667,High-Dance,0.150666667,Low-Liveness,0.527,High-Valence,159.6976667,Fast-Tempo,0.00044183,Low-Instrumental,0.075166667,Low-Acoustic,81.33333333,High-Popularity,"['dance pop', 'dwn trap', 'indie r&b', 'pop', 'pop rap', 'r&b', 'rap', 'southern hip hop', 'trap music', 'urban contemporary']",5,4,4,5,5,23,High-Health,Male,18 - 30,1-2 hours,Medium-Hours,Yes
124,0.599666667,Low-Energy,0.692,High-Dance,0.192,High-Liveness,0.338666667,Low-Valence,120.0316667,Medium-Fast-Tempo,0.0008435,Low-Instrumental,0.027506667,Low-Acoustic,84.33333333,High-Popularity,"['dwn trap', 'pop rap', 'r&b', 'rap', 'trap music']",2,4,5,3,5,19,Medium-Health,Female,18 - 30,2+ hours,High-Hours,Yes
125,0.549423333,Low-Energy,0.475666667,Low-Dance,0.345566667,High-Liveness,0.498666667,High-Valence,125.8036667,Medium-Fast-Tempo,0.296299033,High-Instrumental,0.474553333,High-Acoustic,45.33333333,Low-Popularity,"['classical', 'classical christmas', 'classical period', 'romantic']",3,2,3,2,2,12,Low-Health,Male,18 - 30,2+ hours,High-Hours,Yes
127,0.512333333,Low-Energy,0.584666667,Low-Dance,0.183766667,Low-Liveness,0.622,High-Valence,98.703,Medium-Slow-Tempo,0.000135,Low-Instrumental,0.485,High-Acoustic,67.33333333,Medium-Popularity,"['afrobeats', 'azontobeats']",6,6,6,5,4,27,High-Health,Female,18 - 30,2+ hours,High-Hours,No
128,0.571,Low-Energy,0.627333333,High-Dance,0.212,High-Liveness,0.446,Low-Valence,112.312,Medium-Fast-Tempo,0.000289467,Low-Instrumental,0.114106667,Low-Acoustic,60.33333333,Medium-Popularity,"['pop', 'pop christmas', 'pop rap', 'rap']",4,4,4,5,5,22,High-Health,Male,18 - 30,1-2 hours,Medium-Hours,No
129,0.715666667,High-Energy,0.649666667,High-Dance,0.145133333,Low-Liveness,0.486666667,High-Valence,116.3973333,Medium-Fast-Tempo,0.000753877,Low-Instrumental,0.073693333,Low-Acoustic,65.33333333,Medium-Popularity,[],3,4,3,3,5,18,Medium-Health,Female,17 & Under,2+ hours,High-Hours,Yes
130,0.459333333,Low-Energy,0.542333333,Low-Dance,0.083366667,Low-Liveness,0.331233333,Low-Valence,105.7556667,Medium-Slow-Tempo,0.088333333,High-Instrumental,0.642333333,High-Acoustic,56.66666667,Medium-Popularity,"[""children's christmas""]",1,4,2,2,3,12,Low-Health,Female,17 & Under,2+ hours,High-Hours,Yes
131,0.535666667,Low-Energy,0.551,Low-Dance,0.392833333,High-Liveness,0.354666667,Low-Valence,138.714,Fast-Tempo,0,Low-Instrumental,0.679,High-Acoustic,61.33333333,Medium-Popularity,"['dance pop', 'pop']",1,5,4,6,6,22,High-Health,Female,18 - 30,1-2 hours,Medium-Hours,No
132,0.623333333,Low-Energy,0.687666667,High-Dance,0.116333333,Low-Liveness,0.587,High-Valence,135.685,Fast-Tempo,0,Low-Instrumental,0.116966667,Low-Acoustic,84.33333333,High-Popularity,"['dwn trap', 'pop rap', 'r&b', 'rap', 'trap music']",5,6,4,4,5,24,High-Health,Female,18 - 30,1-2 hours,Medium-Hours,No
133,0.667333333,High-Energy,0.729,High-Dance,0.1122,Low-Liveness,0.621666667,High-Valence,103.1906667,Medium-Slow-Tempo,0,Low-Instrumental,0.512666667,High-Acoustic,58.33333333,Medium-Popularity,"['deep underground hip hop', 'dirty south rap', 'hip hop', 'indie r&b', 'pop rap', 'rap', 'southern hip hop', 'trap music', 'underground hip hop']",0,3,2,2,0,7,Low-Health,Male,18 - 30,2+ hours,High-Hours,No
134,0.742666667,High-Energy,0.731333333,High-Dance,0.111433333,Low-Liveness,0.496333333,High-Valence,135.9893333,Fast-Tempo,0.558993333,High-Instrumental,0.010996667,Low-Acoustic,20.66666667,Low-Popularity,"['big room', 'brostep', 'edm', 'electro house', 'house', 'progressive house', 'tropical house']",4,1,2,4,5,16,Medium-Health,Male,18 - 30,1-2 hours,Medium-Hours,Yes
135,0.533,Low-Energy,0.658666667,High-Dance,0.105533333,Low-Liveness,0.415666667,Low-Valence,108.6656667,Medium-Slow-Tempo,2.53E-05,Low-Instrumental,0.321233333,High-Acoustic,68.33333333,Medium-Popularity,"['chamber pop', 'folk-pop', 'indie folk', 'indie pop', 'melancholia', 'neo mellow', 'slow core']",3,2,4,3,2,14,Low-Health,Male,18 - 30,1-2 hours,Medium-Hours,Yes
136,0.726666667,High-Energy,0.633,High-Dance,0.089433333,Low-Liveness,0.539,High-Valence,105.7023333,Medium-Slow-Tempo,0.0002849,Low-Instrumental,0.066666667,Low-Acoustic,63.66666667,Medium-Popularity,"['dance pop', 'pop', 'post-teen pop', 'viral pop']",4,5,4,4,3,20,Medium-Health,Female,17 & Under,2+ hours,High-Hours,No
137,0.642666667,Low-Energy,0.729,High-Dance,0.17,Low-Liveness,0.390666667,Low-Valence,138.0076667,Fast-Tempo,0.00000183,Low-Instrumental,0.100466667,Low-Acoustic,82,High-Popularity,"['canadian pop', 'pop', 'rap']",5,2,5,3,6,21,High-Health,Female,18 - 30,2+ hours,High-Hours,Yes
139,0.857333333,High-Energy,0.456666667,Low-Dance,0.377,High-Liveness,0.543,High-Valence,160.699,Fast-Tempo,0.03768408,Low-Instrumental,0.027043333,Low-Acoustic,36.66666667,Low-Popularity,"['alternative metal', 'alternative rock', 'funk rock', 'grunge', 'hard rock', 'nu metal', 'permanent wave', 'pop rock', 'post-grunge', 'rock']",3,1,6,1,3,14,Low-Health,Female,18 - 30,2+ hours,High-Hours,No
140,0.407333333,Low-Energy,0.51,Low-Dance,0.111833333,Low-Liveness,0.230333333,Low-Valence,106.9493333,Medium-Slow-Tempo,0.000500423,Low-Instrumental,0.520066667,High-Acoustic,31,Low-Popularity,"['chamber pop', 'folk-pop', 'indie folk', 'indie pop', 'indietronica', 'la indie', 'metropopolis', 'new americana', 'shimmer pop', 'stomp and holler']",0,3,2,1,2,8,Low-Health,Female,18 - 30,2+ hours,High-Hours,No
141,0.491,Low-Energy,0.454,Low-Dance,0.124766667,Low-Liveness,0.322333333,Low-Valence,132.251,Fast-Tempo,0.026210967,Low-Instrumental,0.275393333,High-Acoustic,63.33333333,Medium-Popularity,"['contemporary country', 'country', 'country christmas', 'country road', 'neo mellow', 'pop rock']",1,4,2,4,6,17,Medium-Health,Male,17 & Under,2+ hours,High-Hours,Yes
142,0.701,High-Energy,0.736,High-Dance,0.200333333,High-Liveness,0.403666667,Low-Valence,138.247,Fast-Tempo,0,Low-Instrumental,0.1194,Low-Acoustic,77.33333333,High-Popularity,"['dwn trap', 'gangster rap', 'pop rap', 'rap', 'southern hip hop', 'trap music']",5,4,4,4,6,23,High-Health,Male,18 - 30,2+ hours,High-Hours,No
144,0.573,Low-Energy,0.322,Low-Dance,0.268333333,High-Liveness,0.1769,Low-Valence,98.19433333,Medium-Slow-Tempo,0.047170433,Low-Instrumental,0.1797,Low-Acoustic,30,Low-Popularity,['alt-indie rock'],3,4,5,3,6,21,High-Health,Female,18 - 30,1-2 hours,Medium-Hours,No
146,0.686333333,High-Energy,0.648,High-Dance,0.2364,High-Liveness,0.578333333,High-Valence,114.1576667,Medium-Fast-Tempo,0.1098,High-Instrumental,0.1919,Low-Acoustic,46,Low-Popularity,"['alternative metal', 'alternative rock', 'garage rock', 'indie pop', 'indie rock', 'indietronica', 'la indie', 'pop rock', 'post-grunge', 'rock']",2,6,1,4,3,16,Medium-Health,Male,30+,0 - 1 hours,Low-Hours,Yes
147,0.702333333,High-Energy,0.741,High-Dance,0.219333333,High-Liveness,0.516333333,High-Valence,102.9976667,Medium-Slow-Tempo,0.000976667,Low-Instrumental,0.142356667,Low-Acoustic,55.33333333,Medium-Popularity,[],4,3,3,2,3,15,Low-Health,Female,30+,1-2 hours,Medium-Hours,No
148,0.474,Low-Energy,0.569666667,Low-Dance,0.137,Low-Liveness,0.317,Low-Valence,142.1313333,Fast-Tempo,0.00021703,Low-Instrumental,0.521933333,High-Acoustic,74.33333333,Medium-Popularity,"['dance pop', 'indie r&b', 'neo soul', 'pop', 'pop rap', 'r&b', 'rap']",3,3,2,5,1,14,Low-Health,Female,18 - 30,0 - 1 hours,Low-Hours,No
151,0.778333333,High-Energy,0.468666667,Low-Dance,0.204133333,High-Liveness,0.45,Low-Valence,115.9613333,Medium-Fast-Tempo,0.00035316,Low-Instrumental,0.1686836,Low-Acoustic,58.33333333,Medium-Popularity,"['hip pop', 'indie r&b', 'neo mellow', 'pop', 'pop christmas', 'pop rap', 'post-teen pop', 'r&b', 'urban contemporary']",4,4,2,4,4,18,Medium-Health,Male,18 - 30,2+ hours,High-Hours,No
152,0.548333333,Low-Energy,0.615333333,High-Dance,0.108733333,Low-Liveness,0.286666667,Low-Valence,116.6596667,Medium-Fast-Tempo,0.000910833,Low-Instrumental,0.051,Low-Acoustic,81.33333333,High-Popularity,"['canadian pop', 'hip hop', 'pop rap', 'rap']",6,6,6,6,6,30,High-Health,Female,18 - 30,2+ hours,High-Hours,No
153,0.761333333,High-Energy,0.645,High-Dance,0.218366667,High-Liveness,0.403666667,Low-Valence,138.595,Fast-Tempo,0.309072333,High-Instrumental,0.181833333,Low-Acoustic,51,Low-Popularity,"['indie poptimism', 'vapor soul']",3,5,6,6,6,26,High-Health,Female,18 - 30,1-2 hours,Medium-Hours,No
155,0.516666667,Low-Energy,0.695333333,High-Dance,0.066966667,Low-Liveness,0.532333333,High-Valence,154.7413333,Fast-Tempo,0.001845507,Low-Instrumental,0.212266667,Low-Acoustic,75.33333333,High-Popularity,"['folk-pop', 'neo mellow', 'pop', 'pop rock', 'singer-songwriter', 'viral pop']",4,3,3,3,2,15,Low-Health,Male,18 - 30,2+ hours,High-Hours,No
156,0.513333333,Low-Energy,0.642333333,High-Dance,0.463,High-Liveness,0.3,Low-Valence,100.1483333,Medium-Slow-Tempo,0.000160417,Low-Instrumental,0.17193,Low-Acoustic,74.33333333,Medium-Popularity,"['dance pop', 'dwn trap', 'indie r&b', 'pop', 'pop rap', 'r&b', 'rap', 'southern hip hop', 'trap music', 'urban contemporary']",3,6,1,2,5,17,Medium-Health,Male,18 - 30,0 - 1 hours,Low-Hours,No
157,0.578666667,Low-Energy,0.775666667,High-Dance,0.366,High-Liveness,0.300666667,Low-Valence,118.183,Medium-Fast-Tempo,0.003796417,Low-Instrumental,0.05277,Low-Acoustic,76.66666667,High-Popularity,"['dwn trap', 'gangster rap', 'hip hop', 'pop rap', 'rap', 'southern hip hop', 'trap music']",0,0,3,2,4,9,Low-Health,Male,18 - 30,1-2 hours,Medium-Hours,No
158,0.564666667,Low-Energy,0.821,High-Dance,0.148,Low-Liveness,0.485333333,High-Valence,119.021,Medium-Fast-Tempo,5.63E-05,Low-Instrumental,0.298383333,High-Acoustic,72.66666667,Medium-Popularity,[],4,4,2,1,1,12,Low-Health,Male,18 - 30,2+ hours,High-Hours,No
159,0.375666667,Low-Energy,0.423666667,Low-Dance,0.1637,Low-Liveness,0.159666667,Low-Valence,128.8043333,Medium-Fast-Tempo,5.33E-06,Low-Instrumental,0.768333333,High-Acoustic,59.33333333,Medium-Popularity,"['channel pop', 'neo mellow', 'pop', 'post-teen pop', 'teen pop', 'viral pop']",1,2,3,0,3,9,Low-Health,Female,18 - 30,2+ hours,High-Hours,Yes
161,0.513666667,Low-Energy,0.759,High-Dance,0.116333333,Low-Liveness,0.535333333,High-Valence,136.996,Fast-Tempo,0.00010983,Low-Instrumental,0.224,High-Acoustic,78.66666667,High-Popularity,"['deep pop r&b', 'dwn trap', 'indie r&b', 'pop rap', 'r&b', 'rap', 'southern hip hop', 'trap music', 'underground hip hop']",5,4,4,5,5,23,High-Health,Male,18 - 30,2+ hours,High-Hours,No
162,0.608333333,Low-Energy,0.699,High-Dance,0.108,Low-Liveness,0.45,Low-Valence,127.6753333,Medium-Fast-Tempo,3.08E-06,Low-Instrumental,0.304333333,High-Acoustic,89.66666667,High-Popularity,[],3,4,1,4,4,16,Medium-Health,Female,18 - 30,0 - 1 hours,Low-Hours,No
166,0.636333333,Low-Energy,0.825,High-Dance,0.105866667,Low-Liveness,0.658,High-Valence,119.9876667,Medium-Fast-Tempo,1.98E-06,Low-Instrumental,0.189866667,Low-Acoustic,88,High-Popularity,"['canadian pop', 'hip hop', 'pop rap', 'rap']",6,4,5,4,4,23,High-Health,Female,18 - 30,2+ hours,High-Hours,Yes
167,0.812,High-Energy,0.571,Low-Dance,0.22,High-Liveness,0.615666667,High-Valence,108.43,Medium-Slow-Tempo,0.0021806,Low-Instrumental,0.01828,Low-Acoustic,52,Medium-Popularity,['canadian indie'],4,4,2,4,5,19,Medium-Health,Male,18 - 30,1-2 hours,Medium-Hours,No
168,0.526666667,Low-Energy,0.533,Low-Dance,0.173333333,Low-Liveness,0.229333333,Low-Valence,129.4763333,Medium-Fast-Tempo,0.00023403,Low-Instrumental,0.0755,Low-Acoustic,69,Medium-Popularity,"['dance pop', 'deep pop r&b', 'dwn trap', 'indie r&b', 'pop', 'post-teen pop', 'r&b', 'rap', 'urban contemporary']",2,4,3,2,5,16,Medium-Health,Female,18 - 30,1-2 hours,Medium-Hours,No
169,0.578,Low-Energy,0.637333333,High-Dance,0.080766667,Low-Liveness,0.535,High-Valence,117.653,Medium-Fast-Tempo,0.00047798,Low-Instrumental,0.162066667,Low-Acoustic,82.66666667,High-Popularity,"['dance pop', 'pop']",1,1,4,0,4,10,Low-Health,Female,18 - 30,0 - 1 hours,Low-Hours,Yes
170,0.913333333,High-Energy,0.397,Low-Dance,0.336866667,High-Liveness,0.401666667,Low-Valence,154.2953333,Fast-Tempo,0.279735333,High-Instrumental,0.0002292,Low-Acoustic,52.33333333,Medium-Popularity,"['alternative metal', 'alternative rock', 'nu metal', 'pop punk', 'post-grunge', 'rap metal']",2,4,5,4,5,20,Medium-Health,Male,18 - 30,2+ hours,High-Hours,No
171,0.61,Low-Energy,0.629,High-Dance,0.21,High-Liveness,0.396333333,Low-Valence,122.361,Medium-Fast-Tempo,0.001872503,Low-Instrumental,0.260633333,High-Acoustic,61.66666667,Medium-Popularity,[],3,3,2,4,4,16,Medium-Health,Female,18 - 30,1-2 hours,Medium-Hours,No
172,0.715666667,High-Energy,0.627666667,High-Dance,0.2688,High-Liveness,0.54,High-Valence,116.818,Medium-Fast-Tempo,5.97E-07,Low-Instrumental,0.221566667,Low-Acoustic,67.66666667,Medium-Popularity,"['australian country', 'contemporary country', 'country', 'country christmas', 'country road', 'neo mellow', 'pop rock']",4,6,3,6,6,25,High-Health,Male,18 - 30,2+ hours,High-Hours,Yes
173,0.816666667,High-Energy,0.581333333,Low-Dance,0.179,Low-Liveness,0.473333333,High-Valence,133.939,Fast-Tempo,0.0000034,Low-Instrumental,0.06292,Low-Acoustic,74,Medium-Popularity,"['electronic trap', 'pop']",2,5,4,3,3,17,Medium-Health,Male,18 - 30,1-2 hours,Medium-Hours,No
175,0.610666667,Low-Energy,0.815333333,High-Dance,0.147666667,Low-Liveness,0.586333333,High-Valence,138.677,Fast-Tempo,0.0000958,Low-Instrumental,0.148233333,Low-Acoustic,68,Medium-Popularity,"['dwn trap', 'pop rap', 'rap', 'trap music']",4,5,2,4,3,18,Medium-Health,Male,18 - 30,1-2 hours,Medium-Hours,Yes
176,0.607,Low-Energy,0.754333333,High-Dance,0.1409,Low-Liveness,0.591666667,High-Valence,87.33033333,Slow-Tempo,0.000121,Low-Instrumental,0.373666667,High-Acoustic,82,High-Popularity,['pop'],3,3,2,2,4,14,Low-Health,Female,18 - 30,2+ hours,High-Hours,No
177,0.795666667,High-Energy,0.567333333,Low-Dance,0.141333333,Low-Liveness,0.377666667,Low-Valence,134.548,Fast-Tempo,0.043026667,Low-Instrumental,0.267333333,High-Acoustic,87,High-Popularity,"['aussietronica', 'australian alternative rock', 'australian dance', 'downtempo', 'tropical house']",3,4,5,3,3,18,Medium-Health,Female,17 & Under,1-2 hours,Medium-Hours,No
178,0.557,Low-Energy,0.839333333,High-Dance,0.101966667,Low-Liveness,0.571666667,High-Valence,121.3053333,Medium-Fast-Tempo,0.001053333,Low-Instrumental,0.1605,Low-Acoustic,77,High-Popularity,[],6,6,3,6,6,27,High-Health,Male,18 - 30,1-2 hours,Medium-Hours,Yes
179,0.597666667,Low-Energy,0.745666667,High-Dance,0.1006,Low-Liveness,0.490666667,High-Valence,123.004,Medium-Fast-Tempo,0.015293333,Low-Instrumental,0.498466667,High-Acoustic,46.33333333,Low-Popularity,['deep tropical house'],5,3,6,4,2,20,Medium-Health,Female,18 - 30,2+ hours,High-Hours,No
180,0.706333333,High-Energy,0.558333333,Low-Dance,0.215666667,High-Liveness,0.420333333,Low-Valence,122.107,Medium-Fast-Tempo,0.377333333,High-Instrumental,0.180668637,Low-Acoustic,43.33333333,Low-Popularity,"['alternative dance', 'chillwave', 'electronic', 'filter house', 'indie r&b', 'indietronica', 'retro electro', 'vaporwave', 'wonky']",4,4,3,3,5,19,Medium-Health,Female,18 - 30,2+ hours,High-Hours,No
181,0.643,Low-Energy,0.611333333,High-Dance,0.1825,Low-Liveness,0.339,Low-Valence,113.278,Medium-Fast-Tempo,0.00082,Low-Instrumental,0.124506667,Low-Acoustic,73.66666667,Medium-Popularity,"['dance pop', 'pop']",5,4,5,3,3,20,Medium-Health,Female,17 & Under,1-2 hours,Medium-Hours,Yes
183,0.666333333,High-Energy,0.671333333,High-Dance,0.326333333,High-Liveness,0.521666667,High-Valence,116.3563333,Medium-Fast-Tempo,0,Low-Instrumental,0.350933333,High-Acoustic,85,High-Popularity,[],4,4,2,2,4,16,Medium-Health,Male,18 - 30,2+ hours,High-Hours,No
184,0.692,High-Energy,0.740666667,High-Dance,0.215,High-Liveness,0.365,Low-Valence,135.0013333,Fast-Tempo,0.00002533,Low-Instrumental,0.1022,Low-Acoustic,77,High-Popularity,"['canadian pop', 'pop', 'rap']",5,6,5,5,6,27,High-Health,Male,18 - 30,2+ hours,High-Hours,Yes
185,0.763333333,High-Energy,0.718666667,High-Dance,0.292,High-Liveness,0.713666667,High-Valence,115.3226667,Medium-Fast-Tempo,1.36E-05,Low-Instrumental,0.191163333,Low-Acoustic,83.33333333,High-Popularity,"['neo mellow', 'pop', 'pop rock', 'post-teen pop', 'viral pop']",4,5,5,4,6,24,High-Health,Female,18 - 30,1-2 hours,Medium-Hours,No
186,0.658666667,High-Energy,0.721333333,High-Dance,0.172933333,Low-Liveness,0.634333333,High-Valence,132.936,Fast-Tempo,8.07E-07,Low-Instrumental,0.253333333,High-Acoustic,60.66666667,Medium-Popularity,[],3,4,5,3,3,18,Medium-Health,Male,18 - 30,1-2 hours,Medium-Hours,No
187,0.526666667,Low-Energy,0.731333333,High-Dance,0.096333333,Low-Liveness,0.562666667,High-Valence,129.046,Medium-Fast-Tempo,3.97E-06,Low-Instrumental,0.165933333,Low-Acoustic,78.66666667,High-Popularity,"['dwn trap', 'pop rap', 'r&b', 'rap', 'trap music']",6,4,4,4,4,22,High-Health,Female,18 - 30,2+ hours,High-Hours,No
188,0.827666667,High-Energy,0.728,High-Dance,0.230333333,High-Liveness,0.714666667,High-Valence,120.8506667,Medium-Fast-Tempo,0.000203667,Low-Instrumental,0.034703333,Low-Acoustic,80,High-Popularity,"['dance pop', 'k-pop', 'korean pop']",3,4,5,4,6,22,High-Health,Male,18 - 30,2+ hours,High-Hours,Yes
189,0.612333333,Low-Energy,0.659666667,High-Dance,0.120333333,Low-Liveness,0.484666667,High-Valence,126.033,Medium-Fast-Tempo,1.53E-05,Low-Instrumental,0.08726,Low-Acoustic,92.33333333,High-Popularity,[],3,4,4,3,4,18,Medium-Health,Female,18 - 30,2+ hours,High-Hours,No
190,0.855666667,High-Energy,0.493333333,Low-Dance,0.279666667,High-Liveness,0.564666667,High-Valence,126.2306667,Medium-Fast-Tempo,0.246666667,High-Instrumental,0.017887,Low-Acoustic,67.33333333,Medium-Popularity,"['folk-pop', 'indie pop', 'indie poptimism', 'indietronica', 'neo mellow', 'pop', 'pop rock', 'shimmer pop']",4,4,4,3,5,20,Medium-Health,Female,18 - 30,2+ hours,High-Hours,Yes
191,0.547,Low-Energy,0.581,Low-Dance,0.228666667,High-Liveness,0.208,Low-Valence,128.3523333,Medium-Fast-Tempo,0.001333333,Low-Instrumental,0.045773333,Low-Acoustic,73,Medium-Popularity,"['dwn trap', 'indie r&b', 'pop', 'pop rap', 'r&b', 'rap', 'trap music']",5,6,5,6,5,27,High-Health,Male,18 - 30,1-2 hours,Medium-Hours,No
192,0.703666667,High-Energy,0.528333333,Low-Dance,0.391966667,High-Liveness,0.728,High-Valence,140.8136667,Fast-Tempo,0.001714843,Low-Instrumental,0.612666667,High-Acoustic,64.66666667,Medium-Popularity,"['dwn trap', 'pop rap', 'rap', 'southern hip hop', 'trap music']",5,4,4,5,6,24,High-Health,Male,18 - 30,0 - 1 hours,Low-Hours,Yes
193,0.544,Low-Energy,0.41,Low-Dance,0.122,Low-Liveness,0.249,Low-Valence,156.376,Fast-Tempo,0.00214,Low-Instrumental,0.522333333,High-Acoustic,62.33333333,Medium-Popularity,"['folk', 'folk rock', 'folk-pop', 'melancholia', 'mellow gold', 'permanent wave', 'singer-songwriter']",3,4,3,4,5,19,Medium-Health,Male,18 - 30,1-2 hours,Medium-Hours,Yes
194,0.853333333,High-Energy,0.557333333,Low-Dance,0.177,Low-Liveness,0.784333333,High-Valence,151.9773333,Fast-Tempo,0.00000077,Low-Instrumental,0.070436667,Low-Acoustic,45.33333333,Low-Popularity,"['contemporary country', 'country', 'country road', 'modern country rock']",2,4,4,3,2,15,Low-Health,Female,18 - 30,1-2 hours,Medium-Hours,No
195,0.822,High-Energy,0.488333333,Low-Dance,0.222666667,High-Liveness,0.334666667,Low-Valence,159.81,Fast-Tempo,0.000676667,Low-Instrumental,0.01551,Low-Acoustic,66.66666667,Medium-Popularity,"['complextro', 'dance pop', 'edm', 'electro house', 'german techno', 'pop', 'tropical house']",6,5,6,6,6,29,High-Health,Male,18 - 30,2+ hours,High-Hours,No
196,0.492,Low-Energy,0.554666667,Low-Dance,0.097066667,Low-Liveness,0.180933333,Low-Valence,134.6723333,Fast-Tempo,0.005799967,Low-Instrumental,0.530333333,High-Acoustic,60.33333333,Medium-Popularity,"['indie poptimism', 'vapor soul']",5,4,4,4,5,22,High-Health,Female,18 - 30,1-2 hours,Medium-Hours,No
199,0.569,Low-Energy,0.756666667,High-Dance,0.220666667,High-Liveness,0.421333333,Low-Valence,129.0373333,Medium-Fast-Tempo,0.00000723,Low-Instrumental,0.2493,High-Acoustic,65,Medium-Popularity,[],3,3,2,2,4,14,Low-Health,Male,18 - 30,2+ hours,High-Hours,No
201,0.554,Low-Energy,0.624666667,High-Dance,0.114666667,Low-Liveness,0.223666667,Low-Valence,128.2273333,Medium-Fast-Tempo,0,Low-Instrumental,0.1277,Low-Acoustic,75.33333333,High-Popularity,"['dwn trap', 'pop rap', 'r&b', 'rap', 'trap music']",3,4,4,3,5,19,Medium-Health,Male,18 - 30,1-2 hours,Medium-Hours,No
202,0.601666667,Low-Energy,0.707,High-Dance,0.115533333,Low-Liveness,0.411,Low-Valence,125.365,Medium-Fast-Tempo,0.000908497,Low-Instrumental,0.207333333,Low-Acoustic,90.66666667,High-Popularity,[],3,3,5,2,6,19,Medium-Health,Female,17 & Under,2+ hours,High-Hours,No
203,0.638333333,Low-Energy,0.6,High-Dance,0.193,High-Liveness,0.315666667,Low-Valence,125.3836667,Medium-Fast-Tempo,6.25E-05,Low-Instrumental,0.200166667,Low-Acoustic,74.66666667,Medium-Popularity,"['canadian pop', 'pop', 'rap']",3,2,2,5,5,17,Medium-Health,Female,18 - 30,1-2 hours,Medium-Hours,No
204,0.371666667,Low-Energy,0.434,Low-Dance,0.094133333,Low-Liveness,0.402333333,Low-Valence,90.44166667,Slow-Tempo,0.002075933,Low-Instrumental,0.452,High-Acoustic,53.66666667,Medium-Popularity,"['canzone napoletana', 'classical', 'opera', 'operatic pop']",3,5,0,5,4,17,Medium-Health,Male,18 - 30,1-2 hours,Medium-Hours,No
205,0.738666667,High-Energy,0.754,High-Dance,0.328833333,High-Liveness,0.653333333,High-Valence,128.682,Medium-Fast-Tempo,0.00285,Low-Instrumental,0.256253333,High-Acoustic,55,Medium-Popularity,"['alternative metal', 'canadian metal', 'nu metal', 'pop punk', 'pop rock', 'post-grunge', 'rap metal', 'rap rock', 'wrestling']",3,5,2,5,4,19,Medium-Health,Female,18 - 30,2+ hours,High-Hours,Yes
206,0.763666667,High-Energy,0.625,High-Dance,0.240666667,High-Liveness,0.542333333,High-Valence,125.5563333,Medium-Fast-Tempo,0.0017,Low-Instrumental,0.1164,Low-Acoustic,70,Medium-Popularity,"['dwn trap', 'pop rap', 'rap', 'southern hip hop', 'trap music']",5,5,4,6,5,25,High-Health,Male,18 - 30,2+ hours,High-Hours,No
207,0.863,High-Energy,0.622333333,High-Dance,0.2513,High-Liveness,0.485333333,High-Valence,124.76,Medium-Fast-Tempo,0.00000054,Low-Instrumental,0.11242,Low-Acoustic,67.66666667,Medium-Popularity,"['detroit hip hop', 'g funk', 'hip hop', 'pop rap', 'rap']",3,6,6,6,6,27,High-Health,Male,18 - 30,0 - 1 hours,Low-Hours,Yes
209,0.755,High-Energy,0.773333333,High-Dance,0.291533333,High-Liveness,0.495666667,High-Valence,108.9883333,Medium-Slow-Tempo,0.000467357,Low-Instrumental,0.208166667,Low-Acoustic,65.33333333,Medium-Popularity,"['dwn trap', 'east coast hip hop', 'hip hop', 'pop rap', 'rap', 'trap music']",5,4,5,3,4,21,High-Health,Female,18 - 30,2+ hours,High-Hours,Yes
210,0.599666667,Low-Energy,0.550333333,Low-Dance,0.188333333,High-Liveness,0.404333333,Low-Valence,111.2943333,Medium-Fast-Tempo,0,Low-Instrumental,0.227,High-Acoustic,77,High-Popularity,"['dance pop', 'deep pop r&b', 'dwn trap', 'indie r&b', 'pop', 'post-teen pop', 'r&b', 'rap', 'urban contemporary']",4,5,4,5,6,24,High-Health,Female,18 - 30,2+ hours,High-Hours,No
211,0.614933333,Low-Energy,0.483333333,Low-Dance,0.342333333,High-Liveness,0.408666667,Low-Valence,110.1876667,Medium-Slow-Tempo,8.49E-05,Low-Instrumental,0.297973333,High-Acoustic,46.66666667,Low-Popularity,[],4,5,4,5,3,21,High-Health,Female,18 - 30,2+ hours,High-Hours,Yes
213,0.846333333,High-Energy,0.520333333,Low-Dance,0.1157,Low-Liveness,0.509333333,High-Valence,136.653,Fast-Tempo,0.001646667,Low-Instrumental,0.086396667,Low-Acoustic,34,Low-Popularity,"['deep tropical house', 'indie poptimism']",2,2,3,4,5,16,Medium-Health,Female,18 - 30,2+ hours,High-Hours,No
214,0.665666667,High-Energy,0.729333333,High-Dance,0.196733333,High-Liveness,0.481,High-Valence,129.2856667,Medium-Fast-Tempo,0.0000092,Low-Instrumental,0.41,High-Acoustic,67,Medium-Popularity,"['deep indie r&b', 'indie poptimism', 'vapor soul']",2,6,2,4,4,18,Medium-Health,Female,18 - 30,2+ hours,High-Hours,No
215,0.687,High-Energy,0.655666667,High-Dance,0.125866667,Low-Liveness,0.519666667,High-Valence,125.6376667,Medium-Fast-Tempo,0.00000721,Low-Instrumental,0.190666667,Low-Acoustic,73.33333333,Medium-Popularity,"['deep indie r&b', 'indie poptimism', 'vapor soul']",4,3,4,2,4,17,Medium-Health,Female,18 - 30,1-2 hours,Medium-Hours,Yes
218,0.644666667,Low-Energy,0.636,High-Dance,0.1239,Low-Liveness,0.412333333,Low-Valence,105.2226667,Medium-Slow-Tempo,0,Low-Instrumental,0.373333333,High-Acoustic,78.33333333,High-Popularity,[],4,4,6,5,5,24,High-Health,Female,18 - 30,2+ hours,High-Hours,No
220,0.876333333,High-Energy,0.610333333,High-Dance,0.126933333,Low-Liveness,0.531,High-Valence,132.267,Fast-Tempo,0.043026667,Low-Instrumental,0.1222,Low-Acoustic,88,High-Popularity,"['boy band', 'dance pop', 'pop', 'pop rap', 'post-teen pop']",3,5,3,3,6,20,Medium-Health,Female,30+,0 - 1 hours,Low-Hours,Yes
221,0.664,High-Energy,0.633666667,High-Dance,0.097433333,Low-Liveness,0.382,Low-Valence,112.6423333,Medium-Fast-Tempo,0.021746667,Low-Instrumental,0.067533333,Low-Acoustic,56,Medium-Popularity,['broadway'],4,5,3,4,4,20,Medium-Health,Female,18 - 30,2+ hours,High-Hours,Yes
222,0.23,Low-Energy,0.244666667,Low-Dance,0.080733333,Low-Liveness,0.0571,Low-Valence,105.8146667,Medium-Slow-Tempo,0.894333333,High-Instrumental,0.933333333,High-Acoustic,58.66666667,Medium-Popularity,"['bow pop', 'compositional ambient', 'minimal', 'modern classical']",6,5,6,6,6,29,High-Health,Female,18 - 30,1-2 hours,Medium-Hours,No
224,0.559666667,Low-Energy,0.620666667,High-Dance,0.143933333,Low-Liveness,0.412,Low-Valence,121.9683333,Medium-Fast-Tempo,0.00094419,Low-Instrumental,0.29125,High-Acoustic,64,Medium-Popularity,"['channel pop', 'neo mellow', 'pop', 'post-teen pop', 'teen pop', 'viral pop']",3,3,4,2,5,17,Medium-Health,Female,18 - 30,2+ hours,High-Hours,No
225,0.69,High-Energy,0.619666667,High-Dance,0.180666667,Low-Liveness,0.4,Low-Valence,129.6866667,Medium-Fast-Tempo,0.00000183,Low-Instrumental,0.104266667,Low-Acoustic,79,High-Popularity,"['canadian pop', 'pop', 'rap']",4,3,5,5,4,21,High-Health,Female,18 - 30,2+ hours,High-Hours,No
226,0.69,High-Energy,0.606,High-Dance,0.222,High-Liveness,0.406966667,Low-Valence,114.6973333,Medium-Fast-Tempo,0.000343333,Low-Instrumental,0.296633333,High-Acoustic,71,Medium-Popularity,"['dance pop', 'pop', 'post-teen pop', 'viral pop']",5,2,6,2,4,19,Medium-Health,Female,18 - 30,1-2 hours,Medium-Hours,Yes
227,0.4483,Low-Energy,0.560666667,Low-Dance,0.180333333,Low-Liveness,0.174333333,Low-Valence,100.3023333,Medium-Slow-Tempo,0.000118333,Low-Instrumental,0.356943333,High-Acoustic,57.66666667,Medium-Popularity,"['dance pop', 'indie r&b', 'neo soul', 'pop', 'pop rap', 'r&b', 'rap']",4,5,1,5,2,17,Medium-Health,Female,18 - 30,2+ hours,High-Hours,Yes
229,0.670333333,High-Energy,0.532,Low-Dance,0.163733333,Low-Liveness,0.431,Low-Valence,94.86666667,Medium-Slow-Tempo,0.007347367,Low-Instrumental,0.131986667,Low-Acoustic,51.66666667,Low-Popularity,"['dancehall', 'roots reggae']",4,5,3,4,3,19,Medium-Health,Female,17 & Under,2+ hours,High-Hours,Yes
231,0.506666667,Low-Energy,0.599666667,High-Dance,0.0972,Low-Liveness,0.297666667,Low-Valence,101.3553333,Medium-Slow-Tempo,0.000833677,Low-Instrumental,0.471666667,High-Acoustic,75.66666667,High-Popularity,"['indie poptimism', 'pop', 'post-teen pop']",5,5,3,5,5,23,High-Health,Female,18 - 30,0 - 1 hours,Low-Hours,No
233,0.701666667,High-Energy,0.602,High-Dance,0.2723,High-Liveness,0.751,High-Valence,117.334,Medium-Fast-Tempo,3.67E-05,Low-Instrumental,0.048933333,Low-Acoustic,69.66666667,Medium-Popularity,['pop'],4,5,4,5,5,23,High-Health,Female,18 - 30,0 - 1 hours,Low-Hours,Yes
234,0.588333333,Low-Energy,0.834333333,High-Dance,0.1031,Low-Liveness,0.553,High-Valence,110.6493333,Medium-Slow-Tempo,0.273333333,High-Instrumental,0.330333333,High-Acoustic,68.33333333,Medium-Popularity,[],0,3,3,1,1,8,Low-Health,Female,18 - 30,2+ hours,High-Hours,No
235,0.345,Low-Energy,0.435666667,Low-Dance,0.107866667,Low-Liveness,0.202833333,Low-Valence,127.403,Medium-Fast-Tempo,0.00000081,Low-Instrumental,0.693333333,High-Acoustic,50,Low-Popularity,"['acoustic pop', 'dreamo', 'folk-pop', 'indie folk', 'neo mellow', 'pop', 'viral pop']",5,6,4,6,5,26,High-Health,Female,18 - 30,1-2 hours,Medium-Hours,No
236,0.558,Low-Energy,0.537333333,Low-Dance,0.264,High-Liveness,0.48,High-Valence,109.141,Medium-Slow-Tempo,0,Low-Instrumental,0.4173,High-Acoustic,59.33333333,Medium-Popularity,[],1,3,4,4,4,16,Medium-Health,Female,18 - 30,1-2 hours,Medium-Hours,No
237,0.811,High-Energy,0.532,Low-Dance,0.126333333,Low-Liveness,0.330766667,Low-Valence,110.0233333,Medium-Slow-Tempo,0.02627087,Low-Instrumental,0.028773333,Low-Acoustic,60.66666667,Medium-Popularity,"['alternative metal', 'hard rock', 'metal', 'rock', 'speed metal', 'thrash metal']",3,2,4,2,2,13,Low-Health,Female,18 - 30,0 - 1 hours,Low-Hours,No
239,0.739,High-Energy,0.632666667,High-Dance,0.322233333,High-Liveness,0.663333333,High-Valence,94.07933333,Medium-Slow-Tempo,7.35E-05,Low-Instrumental,0.321966667,High-Acoustic,61.66666667,Medium-Popularity,"['country christmas', 'outlaw country', 'singer-songwriter', 'traditional country']",2,6,5,5,4,22,High-Health,Female,18 - 30,0 - 1 hours,Low-Hours,No
240,0.415,Low-Energy,0.372,Low-Dance,0.307333333,High-Liveness,0.307666667,Low-Valence,142.6543333,Fast-Tempo,0.00280111,Low-Instrumental,0.574666667,High-Acoustic,46.66666667,Low-Popularity,"['album rock', 'art rock', 'bow pop', 'classic rock', 'dance rock', 'folk rock', 'glam rock', 'hard rock', 'mellow gold', 'rock', 'soft rock', 'symphonic rock']",5,3,1,5,5,19,Medium-Health,Male,17 & Under,1-2 hours,Medium-Hours,No
241,0.753666667,High-Energy,0.675666667,High-Dance,0.135666667,Low-Liveness,0.385333333,Low-Valence,107.1386667,Medium-Slow-Tempo,0.00000644,Low-Instrumental,0.174,Low-Acoustic,60.66666667,Medium-Popularity,"['detroit hip hop', 'g funk', 'hip hop', 'pop rap', 'rap']",2,5,2,4,4,17,Medium-Health,Female,17 & Under,1-2 hours,Medium-Hours,No
243,0.78,High-Energy,0.551333333,Low-Dance,0.2101,High-Liveness,0.365666667,Low-Valence,107.707,Medium-Slow-Tempo,0.179895333,High-Instrumental,0.031173333,Low-Acoustic,60,Medium-Popularity,"['alternative metal', 'alternative rock', 'garage rock', 'indie christmas', 'indie pop', 'indie rock', 'permanent wave', 'pop christmas', 'pop punk', 'pop rock', 'post-grunge', 'punk christmas', 'rock']",2,3,1,1,2,9,Low-Health,Female,17 & Under,0 - 1 hours,Low-Hours,Yes
245,0.829,High-Energy,0.443333333,Low-Dance,0.212233333,High-Liveness,0.382,Low-Valence,149.208,Fast-Tempo,0.228692207,High-Instrumental,0.080393333,Low-Acoustic,50,Low-Popularity,"['indie rock', 'neo mellow', 'rock']",5,5,4,5,5,24,High-Health,Male,18 - 30,2+ hours,High-Hours,Yes
248,0.690333333,High-Energy,0.497666667,Low-Dance,0.1861,High-Liveness,0.546333333,High-Valence,131.628,Fast-Tempo,0.064826667,High-Instrumental,0.315546667,High-Acoustic,42.33333333,Low-Popularity,"['bow pop', 'classify', 'string quartet']",2,5,5,3,5,20,Medium-Health,Male,18 - 30,2+ hours,High-Hours,No
249,0.765666667,High-Energy,0.526333333,Low-Dance,0.172666667,Low-Liveness,0.426333333,Low-Valence,133.7106667,Fast-Tempo,6.06E-05,Low-Instrumental,0.05653,Low-Acoustic,57.66666667,Medium-Popularity,"['alternative rock', 'indie rock', 'melancholia', 'permanent wave', 'rock']",1,2,2,4,0,9,Low-Health,Male,17 & Under,0 - 1 hours,Low-Hours,No
250,0.896333333,High-Energy,0.413,Low-Dance,0.2122,High-Liveness,0.548333333,High-Valence,114.0403333,Medium-Fast-Tempo,0.255001037,High-Instrumental,0.004982,Low-Acoustic,62.33333333,Medium-Popularity,"['folk-pop', 'indie folk', 'indie pop', 'neo mellow', 'singer-songwriter']",3,4,2,3,4,16,Medium-Health,Male,18 - 30,2+ hours,High-Hours,Yes
251,0.411333333,Low-Energy,0.586666667,Low-Dance,0.116733333,Low-Liveness,0.255666667,Low-Valence,102.6656667,Medium-Slow-Tempo,0.001643333,Low-Instrumental,0.622666667,High-Acoustic,65.66666667,Medium-Popularity,"['folk-pop', 'indie folk', 'modern blues', 'neo mellow', 'pop']",1,2,4,4,5,16,Medium-Health,Female,18 - 30,0 - 1 hours,Low-Hours,No
252,0.716333333,High-Energy,0.498333333,Low-Dance,0.273666667,High-Liveness,0.450333333,Low-Valence,102.6326667,Medium-Slow-Tempo,0.308709,High-Instrumental,0.071085,Low-Acoustic,45.66666667,Low-Popularity,"['dance pop', 'dwn trap', 'indie r&b', 'pop', 'pop rap', 'r&b', 'rap', 'southern hip hop', 'trap music', 'urban contemporary']",2,2,4,1,2,11,Low-Health,Male,18 - 30,2+ hours,High-Hours,No
254,0.616,Low-Energy,0.460333333,Low-Dance,0.0825,Low-Liveness,0.465333333,High-Valence,141.5086667,Fast-Tempo,0.002780067,Low-Instrumental,0.3165,High-Acoustic,44.66666667,Low-Popularity,"['candy pop', 'dance pop', 'escape room', 'indie poptimism', 'indie r&b', 'indietronica', 'la indie', 'metropopolis', 'pop', 'post-teen pop', 'shimmer pop', 'synthpop']",0,1,2,0,4,7,Low-Health,Female,18 - 30,0 - 1 hours,Low-Hours,No
255,0.732666667,High-Energy,0.685,High-Dance,0.131066667,Low-Liveness,0.610666667,High-Valence,124.0053333,Medium-Fast-Tempo,0.000857463,Low-Instrumental,0.1201,Low-Acoustic,56.66666667,Medium-Popularity,['alternative hip hop'],3,5,5,4,5,22,High-Health,Male,17 & Under,0 - 1 hours,Low-Hours,No
256,0.645666667,Low-Energy,0.565,Low-Dance,0.089633333,Low-Liveness,0.611666667,High-Valence,112.3116667,Medium-Fast-Tempo,0.357533333,High-Instrumental,0.318333333,High-Acoustic,49.66666667,Low-Popularity,['chillwave'],4,6,5,6,4,25,High-Health,Male,18 - 30,1-2 hours,Medium-Hours,No
257,0.91,High-Energy,0.524,Low-Dance,0.063066667,Low-Liveness,0.641,High-Valence,131.863,Fast-Tempo,0.00000558,Low-Instrumental,0.024571333,Low-Acoustic,55.66666667,Medium-Popularity,[],4,6,3,4,6,23,High-Health,Female,18 - 30,1-2 hours,Medium-Hours,Yes
258,0.811333333,High-Energy,0.611666667,High-Dance,0.090066667,Low-Liveness,0.642,High-Valence,110.25,Medium-Slow-Tempo,0.000763333,Low-Instrumental,0.019166667,Low-Acoustic,62,Medium-Popularity,"['alternative rock', 'grunge', 'permanent wave', 'pop rock', 'post-grunge', 'power pop', 'rock']",3,3,5,3,3,17,Medium-Health,Female,30+,2+ hours,High-Hours,Yes
259,0.882333333,High-Energy,0.462666667,Low-Dance,0.241,High-Liveness,0.491333333,High-Valence,131.2596667,Fast-Tempo,0.123000407,High-Instrumental,0.086633333,Low-Acoustic,59.66666667,Medium-Popularity,"['alternative emo', 'emo', 'indie folk', 'indie rock', 'pixie', 'pop punk']",1,1,3,2,1,8,Low-Health,Male,18 - 30,1-2 hours,Medium-Hours,Yes
261,0.407033333,Low-Energy,0.504666667,Low-Dance,0.125933333,Low-Liveness,0.517666667,High-Valence,107.001,Medium-Slow-Tempo,0.0044532,Low-Instrumental,0.375066667,High-Acoustic,65.66666667,Medium-Popularity,"['adult standards', 'bebop', 'contemporary post-bop', 'cool jazz', 'hard bop', 'jazz', 'jazz blues', 'jazz christmas', 'jazz fusion', 'soul', 'vocal jazz']",3,5,4,3,5,20,Medium-Health,Female,18 - 30,0 - 1 hours,Low-Hours,No
262,0.976333333,High-Energy,0.316333333,Low-Dance,0.158033333,Low-Liveness,0.232,Low-Valence,154.9066667,Fast-Tempo,0.291776667,High-Instrumental,6.36E-05,Low-Acoustic,38,Low-Popularity,"['alternative metal', 'death metal', 'groove metal', 'hard rock', 'melodic metalcore', 'metal', 'nu metal', 'rap metal', 'rap rock', 'rock', 'speed metal', 'thrash metal']",4,6,5,6,6,27,High-Health,Female,30+,1-2 hours,Medium-Hours,No
263,0.787333333,High-Energy,0.541333333,Low-Dance,0.189333333,High-Liveness,0.532333333,High-Valence,117.703,Medium-Fast-Tempo,0,Low-Instrumental,0.189061333,Low-Acoustic,64.66666667,Medium-Popularity,"['country', 'country christmas', 'country dawn']",3,2,6,3,5,19,Medium-Health,Male,18 - 30,0 - 1 hours,Low-Hours,Yes
264,0.846333333,High-Energy,0.395666667,Low-Dance,0.224166667,High-Liveness,0.395666667,Low-Valence,133.6253333,Fast-Tempo,0,Low-Instrumental,0.1698,Low-Acoustic,28.33333333,Low-Popularity,[],3,5,4,5,5,22,High-Health,Male,17 & Under,1-2 hours,Medium-Hours,No
266,0.607,Low-Energy,0.725333333,High-Dance,0.079266667,Low-Liveness,0.629,High-Valence,115.505,Medium-Fast-Tempo,0.034438397,Low-Instrumental,0.167666667,Low-Acoustic,53.66666667,Medium-Popularity,"['album rock', 'british blues', 'classic rock', 'folk rock', 'hard rock', 'mellow gold', 'rock', 'singer-songwriter', 'soft rock']",0,4,4,0,0,8,Low-Health,Female,18 - 30,1-2 hours,Medium-Hours,No
267,0.602,Low-Energy,0.616333333,High-Dance,0.218,High-Liveness,0.506333333,High-Valence,114.599,Medium-Fast-Tempo,0.001251033,Low-Instrumental,0.146666667,Low-Acoustic,64.66666667,Medium-Popularity,['deep australian indie'],2,3,2,0,0,7,Low-Health,Female,18 - 30,0 - 1 hours,Low-Hours,No
268,0.773,High-Energy,0.773333333,High-Dance,0.149633333,Low-Liveness,0.616666667,High-Valence,118.852,Medium-Fast-Tempo,0.003773833,Low-Instrumental,0.0889,Low-Acoustic,46.33333333,Low-Popularity,"['deep german pop rock', 'german hip hop', 'german pop']",3,3,5,4,5,20,Medium-Health,Female,17 & Under,0 - 1 hours,Low-Hours,No
270,0.843,High-Energy,0.577333333,Low-Dance,0.2336,High-Liveness,0.529666667,High-Valence,129.928,Medium-Fast-Tempo,0.000546667,Low-Instrumental,0.040591,Low-Acoustic,55.33333333,Medium-Popularity,"['album rock', 'brill building pop', 'british blues', 'bubblegum pop', 'classic rock', 'folk', 'folk rock', 'mellow gold', 'power pop', 'rock', 'rock-and-roll', 'rockabilly', 'roots rock', 'singer-songwriter', 'soft rock', 'symphonic rock']",3,5,4,6,2,20,Medium-Health,Male,18 - 30,0 - 1 hours,Low-Hours,No
271,0.656333333,High-Energy,0.735333333,High-Dance,0.173566667,Low-Liveness,0.468666667,High-Valence,99.664,Medium-Slow-Tempo,0.001398333,Low-Instrumental,0.136953333,Low-Acoustic,64.33333333,Medium-Popularity,"['dance pop', 'k-hop', 'k-pop', 'korean pop']",3,3,2,1,4,13,Low-Health,Female,17 & Under,1-2 hours,Medium-Hours,No
273,0.917666667,High-Energy,0.522666667,Low-Dance,0.238666667,High-Liveness,0.650666667,High-Valence,137.441,Fast-Tempo,0.0037,Low-Instrumental,0.131479667,Low-Acoustic,42.33333333,Low-Popularity,"['alternative dance', 'alternative rock', 'dance-punk', 'electronic', 'garage rock', 'indie pop', 'indie rock', 'indietronica', 'new rave', 'rock', 'synthpop']",4,5,2,5,5,21,High-Health,Male,18 - 30,2+ hours,High-Hours,No
275,0.149466667,Low-Energy,0.304333333,Low-Dance,0.113566667,Low-Liveness,0.105666667,Low-Valence,115.1266667,Medium-Fast-Tempo,0.790333333,High-Instrumental,0.954333333,High-Acoustic,0,Low-Popularity,"['classical', 'classical christmas', 'classical period', 'romantic']",4,4,4,4,5,21,High-Health,Female,17 & Under,0 - 1 hours,Low-Hours,No
276,0.438333333,Low-Energy,0.491333333,Low-Dance,0.328,High-Liveness,0.629,High-Valence,108.2173333,Medium-Slow-Tempo,0,Low-Instrumental,0.642,High-Acoustic,58.33333333,Medium-Popularity,"['adult standards', 'christmas', 'easy listening', 'lounge', 'vocal jazz']",1,5,3,4,5,18,Medium-Health,Male,17 & Under,0 - 1 hours,Low-Hours,No
277,0.703333333,High-Energy,0.633,High-Dance,0.344333333,High-Liveness,0.739,High-Valence,100.6963333,Medium-Slow-Tempo,0.000100167,Low-Instrumental,0.120083333,Low-Acoustic,67,Medium-Popularity,"['garage rock', 'indie rock', 'permanent wave', 'rock', 'sheffield indie']",2,2,2,1,2,9,Low-Health,Female,18 - 30,0 - 1 hours,Low-Hours,No
279,0.526333333,Low-Energy,0.459333333,Low-Dance,0.1247,Low-Liveness,0.201933333,Low-Valence,98.00033333,Medium-Slow-Tempo,0.022333333,Low-Instrumental,0.259433333,High-Acoustic,31,Low-Popularity,"['alternative emo', 'anthem emo', 'emo', 'melodic hardcore', 'pixie', 'pop emo', 'pop punk', 'screamo']",2,3,6,5,5,21,High-Health,Female,18 - 30,0 - 1 hours,Low-Hours,Yes
281,0.783666667,High-Energy,0.650333333,High-Dance,0.194333333,High-Liveness,0.605,High-Valence,131.638,Fast-Tempo,0.0092434,Low-Instrumental,0.094526667,Low-Acoustic,62.66666667,Medium-Popularity,"['dwn trap', 'pop rap', 'rap', 'southern hip hop', 'trap music']",3,6,5,5,3,22,High-Health,Male,18 - 30,1-2 hours,Medium-Hours,Yes
282,0.676333333,High-Energy,0.704666667,High-Dance,0.1289,Low-Liveness,0.282333333,Low-Valence,126.297,Medium-Fast-Tempo,0.2566707,High-Instrumental,0.101036667,Low-Acoustic,59.66666667,Medium-Popularity,['underground hip hop'],2,5,2,5,6,20,Medium-Health,Male,18 - 30,0 - 1 hours,Low-Hours,No
283,0.019326667,Low-Energy,0.331333333,Low-Dance,0.105333333,Low-Liveness,0.073966667,Low-Valence,98.95533333,Medium-Slow-Tempo,0.909666667,High-Instrumental,0.992,High-Acoustic,34.33333333,Low-Popularity,"['classical', 'classical christmas', 'classical period', 'romantic']",2,3,2,2,5,14,Low-Health,Female,18 - 30,0 - 1 hours,Low-Hours,No
284,0.667666667,High-Energy,0.385666667,Low-Dance,0.087966667,Low-Liveness,0.225666667,Low-Valence,145.7033333,Fast-Tempo,0.318243333,High-Instrumental,0.2645,High-Acoustic,42.66666667,Low-Popularity,['otacore'],3,5,4,4,3,19,Medium-Health,Male,18 - 30,0 - 1 hours,Low-Hours,No
285,0.4375,Low-Energy,0.306333333,Low-Dance,0.143333333,Low-Liveness,0.187266667,Low-Valence,82.336,Slow-Tempo,0.423667367,High-Instrumental,0.4531,High-Acoustic,55.33333333,Medium-Popularity,"['ambient', 'compositional ambient', 'drone', 'fourth world', 'post rock']",1,2,2,3,1,9,Low-Health,Male,18 - 30,0 - 1 hours,Low-Hours,Yes
286,0.603333333,Low-Energy,0.537666667,Low-Dance,0.333333333,High-Liveness,0.721,High-Valence,121.7776667,Medium-Fast-Tempo,0.315673333,High-Instrumental,0.3636,High-Acoustic,52.33333333,Medium-Popularity,"['jazz funk', 'jazz fusion', 'smooth jazz']",1,5,1,4,6,17,Medium-Health,Male,18 - 30,0 - 1 hours,Low-Hours,No
287,0.739333333,High-Energy,0.684333333,High-Dance,0.279766667,High-Liveness,0.748666667,High-Valence,107.3996667,Medium-Slow-Tempo,0.00001509,Low-Instrumental,0.2176,Low-Acoustic,50.33333333,Low-Popularity,"['bubblegum pop', 'soft rock']",4,5,4,4,6,23,High-Health,Female,18 - 30,2+ hours,High-Hours,Yes
288,0.563666667,Low-Energy,0.574,Low-Dance,0.157433333,Low-Liveness,0.610333333,High-Valence,152.9473333,Fast-Tempo,0.05456111,Low-Instrumental,0.3692,High-Acoustic,53.66666667,Medium-Popularity,"['albuquerque indie', 'alternative rock', 'chamber pop', 'folk christmas', 'folk-pop', 'freak folk', 'garage rock', 'indie christmas', 'indie folk', 'indie pop', 'indie rock', 'indietronica', 'lo-fi', 'neo-psychedelic', 'pop rock', 'shimmer pop', 'singer-songwriter', 'stomp and holler']",4,4,2,5,3,18,Medium-Health,Prefer not to specify,18 - 30,1-2 hours,Medium-Hours,No
289,0.628333333,Low-Energy,0.506666667,Low-Dance,0.248933333,High-Liveness,0.477333333,High-Valence,128.1303333,Medium-Fast-Tempo,0.125801367,High-Instrumental,0.0681284,Low-Acoustic,45.33333333,Low-Popularity,"['bow pop', 'classify', 'string quartet']",3,4,2,4,6,19,Medium-Health,Male,30+,2+ hours,High-Hours,Yes
291,0.624,Low-Energy,0.672666667,High-Dance,0.144666667,Low-Liveness,0.352,Low-Valence,137.96,Fast-Tempo,0.000908497,Low-Instrumental,0.163,Low-Acoustic,87.66666667,High-Popularity,[],3,4,1,3,4,15,Low-Health,Male,18 - 30,0 - 1 hours,Low-Hours,Yes
292,0.649333333,Low-Energy,0.618666667,High-Dance,0.098433333,Low-Liveness,0.492,High-Valence,133.3096667,Fast-Tempo,0.007834333,Low-Instrumental,0.2692,High-Acoustic,43.33333333,Low-Popularity,"['folk-pop', 'indie folk', 'indie pop', 'neo mellow', 'pop', 'stomp and holler']",2,3,5,4,3,17,Medium-Health,Female,18 - 30,1-2 hours,Medium-Hours,No
295,0.739666667,High-Energy,0.598666667,High-Dance,0.199766667,High-Liveness,0.582333333,High-Valence,153.4776667,Fast-Tempo,0.0889243,High-Instrumental,0.272233333,High-Acoustic,46.66666667,Low-Popularity,"['deep indie r&b', 'indie poptimism', 'indie r&b', 'soul']",1,1,5,1,5,13,Low-Health,Male,18 - 30,1-2 hours,Medium-Hours,Yes
296,0.741,High-Energy,0.589333333,Low-Dance,0.178666667,Low-Liveness,0.690666667,High-Valence,115.9023333,Medium-Fast-Tempo,0.12126,High-Instrumental,0.394751667,High-Acoustic,31.33333333,Low-Popularity,"['baroque', 'classical', 'classical christmas']",3,4,4,3,3,17,Medium-Health,Male,30+,2+ hours,High-Hours,Yes
297,0.746,High-Energy,0.499666667,Low-Dance,0.188,High-Liveness,0.337333333,Low-Valence,131.9636667,Fast-Tempo,0,Low-Instrumental,0.091012467,Low-Acoustic,49.66666667,Low-Popularity,"['emo', 'pixie', 'pop', 'pop emo', 'pop punk', 'pop rock', 'post-teen pop', 'viral pop']",1,4,5,1,5,16,Medium-Health,Female,18 - 30,0 - 1 hours,Low-Hours,No
298,0.796333333,High-Energy,0.542666667,Low-Dance,0.239333333,High-Liveness,0.446,Low-Valence,129.4233333,Medium-Fast-Tempo,0.032306667,Low-Instrumental,0.193119333,Low-Acoustic,36.33333333,Low-Popularity,"['anti-folk', 'dreamo', 'folk punk', 'indie folk', 'stomp and holler']",0,3,0,1,6,10,Low-Health,Male,18 - 30,1-2 hours,Medium-Hours,Yes
299,0.701333333,High-Energy,0.366,Low-Dance,0.332233333,High-Liveness,0.372333333,Low-Valence,143.8103333,Fast-Tempo,0.00075709,Low-Instrumental,0.297466567,High-Acoustic,32.66666667,Low-Popularity,[],2,5,4,5,4,20,Medium-Health,Male,18 - 30,1-2 hours,Medium-Hours,No
300,0.715,High-Energy,0.638,High-Dance,0.0924,Low-Liveness,0.671333333,High-Valence,109.6363333,Medium-Slow-Tempo,0.000476667,Low-Instrumental,0.0239,Low-Acoustic,78,High-Popularity,"['acoustic pop', 'dance pop', 'folk christmas', 'neo mellow', 'pop', 'pop christmas', 'pop rock', 'post-teen pop', 'viral pop']",0,4,3,6,6,19,Medium-Health,Female,18 - 30,2+ hours,High-Hours,No
302,0.891333333,High-Energy,0.701,High-Dance,0.456,High-Liveness,0.591666667,High-Valence,144.0273333,Fast-Tempo,6.67E-07,Low-Instrumental,0.058033333,Low-Acoustic,42.33333333,Low-Popularity,"['dance pop', 'k-pop', 'korean pop']",2,5,4,1,1,13,Low-Health,Female,18 - 30,2+ hours,High-Hours,No
303,0.601,Low-Energy,0.566333333,Low-Dance,0.175466667,Low-Liveness,0.674333333,High-Valence,110.8143333,Medium-Slow-Tempo,0.004176667,Low-Instrumental,0.22276,High-Acoustic,48.33333333,Low-Popularity,"['acoustic blues', 'appalachian folk', 'bluegrass', 'blues', 'country blues', 'country rock', 'cowboy western', 'delta blues', 'folk', 'folk christmas', 'old-time', 'outlaw country', 'piedmont blues', 'progressive bluegrass', 'traditional blues', 'traditional country', 'traditional folk', 'western swing']",5,6,5,5,5,26,High-Health,Female,18 - 30,1-2 hours,Medium-Hours,No
304,0.907666667,High-Energy,0.576333333,Low-Dance,0.105666667,Low-Liveness,0.574333333,High-Valence,146.419,Fast-Tempo,0,Low-Instrumental,0.019067367,Low-Acoustic,45.33333333,Low-Popularity,"['g funk', 'gangster rap', 'hip hop', 'pop rap', 'rap', 'southern hip hop', 'west coast rap']",3,4,4,4,5,20,Medium-Health,Male,18 - 30,1-2 hours,Medium-Hours,No
305,0.696333333,High-Energy,0.43,Low-Dance,0.164666667,Low-Liveness,0.329666667,Low-Valence,120.68,Medium-Fast-Tempo,0.189766667,High-Instrumental,0.1099,Low-Acoustic,54.66666667,Medium-Popularity,[],3,3,6,5,4,21,High-Health,Female,30+,0 - 1 hours,Low-Hours,Yes
307,0.555,Low-Energy,0.445666667,Low-Dance,0.125333333,Low-Liveness,0.461333333,High-Valence,125.4386667,Medium-Fast-Tempo,0.009928333,Low-Instrumental,0.437866667,High-Acoustic,49.33333333,Low-Popularity,"['chamber pop', 'folk-pop', 'indie folk', 'indie pop', 'melancholia', 'neo mellow', 'slow core']",0,1,2,1,6,10,Low-Health,Female,18 - 30,1-2 hours,Medium-Hours,Yes
310,0.513,Low-Energy,0.744666667,High-Dance,0.126166667,Low-Liveness,0.610666667,High-Valence,144.3296667,Fast-Tempo,0.000816497,Low-Instrumental,0.483,High-Acoustic,74.66666667,Medium-Popularity,"['acoustic pop', 'chamber pop', 'folk-pop', 'indie anthem-folk', 'indie folk', 'neo mellow', 'new americana']",4,2,2,2,5,15,Low-Health,Female,18 - 30,1-2 hours,Medium-Hours,No
311,0.588,Low-Energy,0.460333333,Low-Dance,0.185766667,High-Liveness,0.237666667,Low-Valence,122.2273333,Medium-Fast-Tempo,0.11343607,High-Instrumental,0.263629033,High-Acoustic,41.66666667,Low-Popularity,"['adult standards', 'brill building pop', 'christmas', 'classic rock', 'folk', 'folk christmas', 'folk rock', 'mellow gold', 'motown', 'rock', 'rock-and-roll', 'rockabilly', 'roots rock', 'singer-songwriter', 'soft rock', 'soul', 'traditional country']",5,5,3,1,4,18,Medium-Health,Female,18 - 30,1-2 hours,Medium-Hours,Yes
312,0.76,High-Energy,0.660666667,High-Dance,0.152,Low-Liveness,0.557,High-Valence,136.341,Fast-Tempo,0.000275,Low-Instrumental,0.209033333,Low-Acoustic,65,Medium-Popularity,"['chamber pop', 'folk-pop', 'indie folk', 'indie pop', 'indie rock', 'la indie', 'new americana', 'stomp and holler']",3,3,4,3,2,15,Low-Health,Female,18 - 30,0 - 1 hours,Low-Hours,Yes
314,0.498333333,Low-Energy,0.404,Low-Dance,0.1005,Low-Liveness,0.426666667,Low-Valence,128.0716667,Medium-Fast-Tempo,3.18E-05,Low-Instrumental,0.531333333,High-Acoustic,55.66666667,Medium-Popularity,"['adult standards', 'brill building pop', 'cabaret', 'christmas', 'easy listening', 'lounge', 'mellow gold', 'rock-and-roll', 'soft rock', 'vocal jazz']",2,2,1,1,3,9,Low-Health,Male,18 - 30,1-2 hours,Medium-Hours,Yes
316,0.697666667,High-Energy,0.553666667,Low-Dance,0.1772,Low-Liveness,0.324,Low-Valence,133.301,Fast-Tempo,0.000232,Low-Instrumental,0.161407,Low-Acoustic,65.33333333,Medium-Popularity,"['dwn trap', 'hip hop', 'indie r&b', 'pop rap', 'rap', 'southern hip hop', 'trap music']",2,6,5,5,4,22,High-Health,Female,18 - 30,2+ hours,High-Hours,No
317,0.680333333,High-Energy,0.577,Low-Dance,0.224,High-Liveness,0.647333333,High-Valence,126.2336667,Medium-Fast-Tempo,6.64E-05,Low-Instrumental,0.225806667,High-Acoustic,48.66666667,Low-Popularity,"['acoustic pop', 'neo mellow']",4,1,0,1,0,6,Low-Health,Female,18 - 30,0 - 1 hours,Low-Hours,No
318,0.6,Low-Energy,0.487666667,Low-Dance,0.321666667,High-Liveness,0.458033333,High-Valence,116.7053333,Medium-Fast-Tempo,0.011893333,Low-Instrumental,0.439633333,High-Acoustic,33.33333333,Low-Popularity,"['album rock', 'art rock', 'classic rock', 'mellow gold', 'progressive rock', 'psychedelic rock', 'rock', 'space rock', 'symphonic rock']",1,2,1,0,1,5,Low-Health,Female,18 - 30,1-2 hours,Medium-Hours,Yes
319,0.57,Low-Energy,0.458666667,Low-Dance,0.297,High-Liveness,0.228333333,Low-Valence,119.3533333,Medium-Fast-Tempo,0.00068426,Low-Instrumental,0.14023,Low-Acoustic,50,Low-Popularity,"['indie poptimism', 'indietronica', 'pop']",4,3,5,3,4,19,Medium-Health,Female,18 - 30,2+ hours,High-Hours,Yes
321,0.538,Low-Energy,0.660333333,High-Dance,0.308066667,High-Liveness,0.557,High-Valence,115.6283333,Medium-Fast-Tempo,0.00000169,Low-Instrumental,0.162666667,Low-Acoustic,68,Medium-Popularity,['hollywood'],2,3,4,0,5,14,Low-Health,Female,18 - 30,2+ hours,High-Hours,No
322,0.552666667,Low-Energy,0.615333333,High-Dance,0.162666667,Low-Liveness,0.358,Low-Valence,149.2636667,Fast-Tempo,0.006806433,Low-Instrumental,0.2911,High-Acoustic,48.33333333,Low-Popularity,['hollywood'],6,6,5,5,5,27,High-Health,Female,18 - 30,2+ hours,High-Hours,Yes
323,0.747333333,High-Energy,0.496666667,Low-Dance,0.138666667,Low-Liveness,0.324666667,Low-Valence,135.3413333,Fast-Tempo,0.000106,Low-Instrumental,0.030241667,Low-Acoustic,26.66666667,Low-Popularity,"['classic swedish pop', 'deep swedish indie pop', 'swedish folk pop', 'swedish indie pop', 'swedish indie rock', 'swedish pop']",6,6,3,6,4,25,High-Health,Female,18 - 30,1-2 hours,Medium-Hours,No
324,0.514333333,Low-Energy,0.707,High-Dance,0.186666667,High-Liveness,0.659333333,High-Valence,109.4906667,Medium-Slow-Tempo,0.06717,High-Instrumental,0.267155333,High-Acoustic,54.66666667,Medium-Popularity,"['norwegian indie', 'norwegian pop', 'norwegian rock']",4,2,2,0,4,12,Low-Health,Female,18 - 30,0 - 1 hours,Low-Hours,No
325,0.829666667,High-Energy,0.567333333,Low-Dance,0.2702,High-Liveness,0.583333333,High-Valence,118.6293333,Medium-Fast-Tempo,1.48E-05,Low-Instrumental,0.027323333,Low-Acoustic,60,Medium-Popularity,"['alt-indie rock', 'alternative pop rock', 'indie rock']",2,5,5,5,4,21,High-Health,Male,18 - 30,1-2 hours,Medium-Hours,Yes
326,0.756666667,High-Energy,0.595666667,Low-Dance,0.2036,High-Liveness,0.420333333,Low-Valence,114.639,Medium-Fast-Tempo,0.103066667,High-Instrumental,0.13114,Low-Acoustic,58.33333333,Medium-Popularity,"['indie pop', 'indietronica', 'pop', 'shimmer pop']",3,4,4,1,4,16,Medium-Health,Female,17 & Under,0 - 1 hours,Low-Hours,No
327,0.886,High-Energy,0.567666667,Low-Dance,0.275666667,High-Liveness,0.471666667,High-Valence,145.687,Fast-Tempo,0.000292,Low-Instrumental,0.019335333,Low-Acoustic,54.33333333,Medium-Popularity,"['alternative metal', 'alternative rock', 'nu metal', 'pop punk', 'post-grunge', 'rap metal']",2,5,5,2,6,20,Medium-Health,Prefer not to specify,18 - 30,0 - 1 hours,Low-Hours,Yes
328,0.572666667,Low-Energy,0.522,Low-Dance,0.075633333,Low-Liveness,0.784,High-Valence,126.1693333,Medium-Fast-Tempo,0.404666667,High-Instrumental,0.492666667,High-Acoustic,27.33333333,Low-Popularity,"[""children's christmas"", ""children's music""]",3,3,2,4,4,16,Medium-Health,Female,18 - 30,1-2 hours,Medium-Hours,Yes
329,0.500666667,Low-Energy,0.696,High-Dance,0.1453,Low-Liveness,0.562666667,High-Valence,109.3273333,Medium-Slow-Tempo,0.492333997,High-Instrumental,0.317333333,High-Acoustic,45.66666667,Low-Popularity,"['acoustic pop', 'chamber pop', 'folk-pop', 'indie folk', 'indie pop', 'indiecoustica', 'neo mellow', 'new americana', 'shimmer pop', 'stomp and holler']",5,5,3,5,4,22,High-Health,Female,17 & Under,0 - 1 hours,Low-Hours,No
331,0.648,Low-Energy,0.513666667,Low-Dance,0.121,Low-Liveness,0.497,High-Valence,153.5766667,Fast-Tempo,0.009152333,Low-Instrumental,0.289735667,High-Acoustic,48.66666667,Low-Popularity,"['acoustic pop', 'australian alternative rock', 'chamber pop', 'folk-pop', 'indie anthem-folk', 'indie folk', 'indie pop', 'stomp and holler']",4,5,5,5,4,23,High-Health,Female,18 - 30,1-2 hours,Medium-Hours,Yes
333,0.527333333,Low-Energy,0.312,Low-Dance,0.241133333,High-Liveness,0.110333333,Low-Valence,88.274,Slow-Tempo,0.307334373,High-Instrumental,0.481,High-Acoustic,19.33333333,Low-Popularity,"['australian indie', 'deep australian indie']",2,2,4,1,4,13,Low-Health,Male,18 - 30,1-2 hours,Medium-Hours,No
336,0.790666667,High-Energy,0.321,Low-Dance,0.150033333,Low-Liveness,0.272333333,Low-Valence,137.7936667,Fast-Tempo,9.07E-05,Low-Instrumental,0.0848637,Low-Acoustic,54.66666667,Medium-Popularity,"['album rock', 'classic rock', 'glam rock', 'hard rock', 'heavy christmas', 'rock']",5,5,6,5,6,27,High-Health,Female,18 - 30,2+ hours,High-Hours,No
337,0.731666667,High-Energy,0.530333333,Low-Dance,0.103233333,Low-Liveness,0.443,Low-Valence,148.514,Fast-Tempo,0.147333333,High-Instrumental,0.06314,Low-Acoustic,64.33333333,Medium-Popularity,"['deep tropical house', 'edm', 'house', 'pop', 'tropical house']",2,4,2,4,5,17,Medium-Health,Male,18 - 30,2+ hours,High-Hours,No
340,0.678,High-Energy,0.675666667,High-Dance,0.276,High-Liveness,0.755666667,High-Valence,116.338,Medium-Fast-Tempo,3.60E-06,Low-Instrumental,0.2574,High-Acoustic,48,Low-Popularity,"['adult standards', 'brill building pop', 'chicago soul', 'christmas', 'classic rock', 'folk rock', 'funk', 'jazz blues', 'mellow gold', 'memphis soul', 'motown', 'quiet storm', 'rock-and-roll', 'singer-songwriter', 'soul', 'soul blues', 'soul christmas', 'southern soul', 'vocal jazz']",4,4,0,4,6,18,Medium-Health,Female,18 - 30,2+ hours,High-Hours,No
341,0.928666667,High-Energy,0.415666667,Low-Dance,0.102166667,Low-Liveness,0.381,Low-Valence,124.3013333,Medium-Fast-Tempo,0.000188,Low-Instrumental,0.000319,Low-Acoustic,49.33333333,Low-Popularity,"['emo', 'pop punk', 'punk christmas']",3,2,4,3,5,17,Medium-Health,Female,17 & Under,0 - 1 hours,Low-Hours,Yes
342,0.496333333,Low-Energy,0.511333333,Low-Dance,0.2072,High-Liveness,0.584333333,High-Valence,107.22,Medium-Slow-Tempo,0.000648,Low-Instrumental,0.122666667,Low-Acoustic,42.33333333,Low-Popularity,"['album rock', 'classic rock', 'folk rock', 'hard rock', 'piano rock', 'psychedelic rock', 'rock']",1,0,2,3,5,11,Low-Health,Male,18 - 30,1-2 hours,Medium-Hours,No
343,0.715666667,High-Energy,0.565666667,Low-Dance,0.212066667,High-Liveness,0.613666667,High-Valence,111.5563333,Medium-Fast-Tempo,0.164961,High-Instrumental,0.28541,High-Acoustic,60.66666667,Medium-Popularity,"['alternative rock', 'folk-pop', 'garage rock', 'indie pop', 'indie rock', 'punk blues']",3,5,2,5,5,20,Medium-Health,Female,18 - 30,0 - 1 hours,Low-Hours,No
